-- phpMyAdmin SQL Dump
-- version 5.0.4
-- https://www.phpmyadmin.net/
--
-- Hôte : localhost
-- Généré le : lun. 04 jan. 2021 à 15:55
-- Version du serveur :  10.3.25-MariaDB-0ubuntu0.20.04.1
-- Version de PHP : 7.4.3

SET SQL_MODE = "NO_AUTO_VALUE_ON_ZERO";
START TRANSACTION;
SET time_zone = "+00:00";


/*!40101 SET @OLD_CHARACTER_SET_CLIENT=@@CHARACTER_SET_CLIENT */;
/*!40101 SET @OLD_CHARACTER_SET_RESULTS=@@CHARACTER_SET_RESULTS */;
/*!40101 SET @OLD_COLLATION_CONNECTION=@@COLLATION_CONNECTION */;
/*!40101 SET NAMES utf8mb4 */;

--
-- Base de données : `m2l_v3`
--

-- --------------------------------------------------------

--
-- Structure de la table `ligue`
--

CREATE TABLE `ligue` (
  `id` int(11) NOT NULL,
  `libelle` varchar(255) DEFAULT NULL,
  `nbEmployes` int(11) DEFAULT NULL,
  `nbMembres` int(11) DEFAULT NULL,
  `subventionRecue` decimal(10,2) DEFAULT NULL
) ENGINE=InnoDB DEFAULT CHARSET=utf8mb4;

--
-- Déchargement des données de la table `ligue`
--

INSERT INTO `ligue` (`id`, `libelle`, `nbEmployes`, `nbMembres`, `subventionRecue`) VALUES
(1, 'MULTIMEDIA', 0, 44, '99.99'),
(2, 'SPORTS DE GLACE', 0, 57, '99.99'),
(3, 'HANDISPORT', 0, 86, '99.99'),
(4, 'VOL LIBRE', 0, 22, '99.99'),
(5, 'UGSEL', 0, 40, '99.99'),
(6, 'HANDBALL', 3, 127, '99.99'),
(7, 'MONTAGNE ESCALADE', 3, 127, '99.99'),
(8, 'FSPF', 0, 39, '99.99'),
(9, 'CRESL', 0, 54, '99.99'),
(10, 'KICK BOXING', 1, 127, '99.99'),
(11, 'ECHECS', 0, 72, '99.99'),
(12, 'CYCLOTOURISME', 9, 127, '99.99'),
(13, 'FSGT', 0, 45, '99.99'),
(14, 'CROSL', 8, 127, '99.99'),
(15, 'MOTONAUTIQUE', 0, 53, '99.99'),
(16, 'RANDONNEE PEDESTRE', 0, 30, '99.99'),
(17, 'VOILE', 8, 127, '99.99'),
(18, 'EQUITATION', 3, 127, '99.99'),
(19, 'BASE- BALL SOFTBALL', 8, 127, '99.99'),
(20, 'SPORT EN MILIEU RURAL', 5, 127, '99.99'),
(21, 'DRASS', 0, 18, '99.99'),
(22, 'AÏKIDO AB', 2, 127, '99.99'),
(23, 'TRIATHLON', 1, 127, '99.99'),
(24, 'AEROMODELISME', 9, 127, '99.99'),
(25, 'SQUASH', 2, 127, '99.99'),
(26, 'GYMNASTIQUE VOLONTAIRE', 0, 23, '99.99'),
(27, 'JUDO', 0, 51, '99.99'),
(28, 'FOOTBALL AMERICAIN', 8, 127, '99.99'),
(29, 'BOXE ANGLAISE', 2, 127, '99.99'),
(30, 'FSCF', 0, 62, '99.99'),
(31, 'DIVERS', 3, 127, '99.99'),
(32, 'USEP', 0, 84, '99.99'),
(33, 'NATATION', 0, 100, '99.99'),
(34, 'CDOS', 0, 71, '99.99'),
(35, 'CRT LORRAINE', 0, 77, '99.99'),
(36, 'CYCLISME', 9, 127, '99.99'),
(37, 'CANOË KAYAK', 9, 127, '99.99'),
(38, 'BOULES LYONNAISES', 0, 59, '99.99'),
(39, 'COURSE D\'ORIENTATION', 0, 44, '99.99'),
(40, 'BALL-TRAP', 2, 127, '99.99'),
(41, 'TWIRLING BATON', 2, 127, '99.99'),
(42, 'TIR', 0, 51, '99.99'),
(43, 'TIR A L\'ARC', 0, 80, '99.99'),
(44, 'SCAPA', 8, 127, '99.99'),
(45, 'MUAYTHAÏ', 3, 127, '99.99'),
(46, 'GYMNASTIQUE', 0, 94, '99.99'),
(47, 'ULM', 4, 127, '99.99'),
(48, 'SPORTS DE QUILLES ET BOWLING', 2, 127, '99.99'),
(49, 'DRJSCS', 0, 96, '99.99'),
(50, 'BOXE FRANCAISE', 0, 33, '99.99'),
(51, 'MEDAILLES JEUNESSE ET SPORTS', 1, 127, '99.99'),
(52, 'VOLLEY- BALL', 8, 127, '99.99'),
(53, 'FOOTBALL', 8, 127, '99.99'),
(54, 'FNMNS', 3, 127, '99.99'),
(55, 'HALTEROPHILIE', 9, 127, '99.99'),
(56, 'SPORT AUTOMOBILE', 0, 32, '99.99'),
(57, 'ROLLER SKATING', 2, 127, '99.99'),
(58, 'TENNIS', 3, 127, '99.99'),
(59, 'CRSU', 0, 82, '99.99'),
(60, 'TENNIS DE TABLE', 0, 49, '99.99'),
(61, 'EPMM', 0, 65, '99.99'),
(62, 'PRESSE', 0, 95, '99.99'),
(63, 'AERONAUTIQUE/ VOL A MOTEUR', 0, 80, '99.99'),
(64, 'UFOLEP', 0, 84, '99.99'),
(65, 'BADMINTON', 0, 25, '99.99'),
(66, 'SPORTS SOUS- MARINS', 0, 12, '99.99'),
(67, 'C.R.E.P.S.', 9, 127, '99.99'),
(68, 'DANSE', 0, 61, '99.99'),
(69, 'SPORT ADAPTE', 2, 127, '99.99'),
(70, 'CRIJ', 9, 127, '99.99'),
(71, 'RUGBY', 2, 127, '99.99'),
(72, 'CONSEILS GENERAUX', 0, 31, '99.99'),
(73, 'AÏKIDO AAA', 0, 28, '99.99'),
(74, 'SKI', 0, 48, '99.99'),
(75, 'AVIRON', 0, 32, '99.99'),
(76, 'BASKET- BALL', 9, 127, '99.99'),
(77, 'FCSAD', 5, 127, '99.99'),
(78, 'ESCRIME', 0, 66, '99.99'),
(79, 'CLUB ALPIN FRANCAIS', 0, 21, '99.99'),
(80, 'MOTOCYCLISME', 0, 94, '99.99'),
(81, 'SPORTS DE CONTACT', 2, 127, '99.99'),
(82, 'UNSS', 0, 27, '99.99'),
(83, 'VOL A VOILE', 5, 127, '99.99'),
(84, 'PETANQUE', 0, 54, '99.99'),
(85, 'FRMJC', 4, 127, '99.99'),
(86, 'LUTTE', 6, 127, '99.99'),
(87, 'ATHLETISME', 9, 127, '99.99'),
(88, 'KARATE', 0, 21, '99.99'),
(89, 'FFST', 6, 127, '99.99'),
(90, 'GOLF', 0, 52, '99.99'),
(91, 'PARACHUTISME', 2, 127, '99.99'),
(92, 'TAEKWONDO', 0, 34, '99.99'),
(93, 'PECHE AU COUP', 0, 57, '99.99'),
(94, 'LEO LAGRANGE', 3, 127, '99.99'),
(95, 'SPELEOLOGIE', 0, 10, '99.99'),
(96, 'PECHEURS SPORTIFS A LA MOUCHE', 0, 49, '99.99'),
(97, 'BILLARD', 6, 127, '99.99'),
(98, 'SKI NAUTIQUE', 3, 100, '99.99'),
(99, 'CDOS Moselle', 0, 68, '99.99'),
(100, 'SOURDS DE L\'EST', 10, 127, '99.99');

-- --------------------------------------------------------

--
-- Structure de la table `reserver`
--

CREATE TABLE `reserver` (
  `id` int(11) NOT NULL,
  `date` date NOT NULL,
  `heureDebut` time NOT NULL,
  `heureFin` time NOT NULL,
  `salle_id` int(11) DEFAULT NULL,
  `ligue_id` int(11) DEFAULT NULL
) ENGINE=InnoDB DEFAULT CHARSET=utf8 COLLATE=utf8_unicode_ci;

--
-- Déchargement des données de la table `reserver`
--

INSERT INTO `reserver` (`id`, `date`, `heureDebut`, `heureFin`, `salle_id`, `ligue_id`) VALUES
(1, '2020-11-14', '19:00:00', '21:00:00', 8, 1),
(2, '2020-11-14', '19:00:00', '21:00:00', 2, 72),
(3, '2020-11-14', '16:00:00', '20:30:00', 6, 70),
(4, '2020-11-14', '14:30:00', '16:00:00', 9, 34),
(5, '2020-11-14', '19:00:00', '19:30:00', 11, 22),
(6, '2020-11-14', '19:00:00', '21:00:00', 5, 29),
(7, '2020-11-14', '19:30:00', '20:00:00', 12, 5),
(8, '2020-11-14', '20:00:00', '21:00:00', 1, 32),
(9, '2020-11-14', '11:30:00', '18:30:00', 10, 76),
(10, '2020-11-14', '11:00:00', '11:30:00', 11, 69),
(11, '2020-11-14', '12:00:00', '13:30:00', 1, 80),
(12, '2020-11-14', '17:30:00', '18:30:00', 14, 33),
(13, '2020-11-14', '21:00:00', '21:30:00', 6, 9),
(14, '2020-11-14', '10:30:00', '11:30:00', 14, 85),
(15, '2020-11-14', '20:30:00', '21:00:00', 11, 2),
(16, '2020-11-14', '09:00:00', '16:00:00', 12, 7),
(17, '2020-11-14', '10:00:00', '12:00:00', 2, 57),
(18, '2020-11-14', '09:30:00', '14:30:00', 4, 41),
(19, '2020-11-14', '12:00:00', '18:30:00', 11, 45),
(20, '2020-11-14', '14:00:00', '15:00:00', 3, 97),
(21, '2020-11-14', '15:30:00', '20:00:00', 7, 47),
(22, '2020-11-14', '18:30:00', '19:00:00', 3, 28),
(23, '2020-11-14', '20:30:00', '21:00:00', 4, 56),
(24, '2020-11-14', '18:30:00', '20:30:00', 9, 48),
(25, '2020-11-14', '15:30:00', '17:30:00', 5, 51),
(26, '2020-11-14', '20:30:00', '21:00:00', 12, 25),
(27, '2020-11-14', '10:30:00', '12:30:00', 6, 6),
(28, '2020-11-14', '17:30:00', '18:30:00', 8, 74),
(29, '2020-11-14', '16:30:00', '18:00:00', 13, 52),
(30, '2020-11-14', '09:30:00', '14:00:00', 7, 66),
(31, '2020-11-14', '17:30:00', '20:00:00', 4, 31),
(32, '2020-11-14', '19:00:00', '19:30:00', 13, 17),
(33, '2020-11-14', '17:00:00', '18:30:00', 2, 2),
(34, '2020-11-14', '10:30:00', '16:00:00', 8, 44),
(35, '2020-11-14', '14:00:00', '14:30:00', 14, 97),
(36, '2020-11-14', '18:00:00', '19:30:00', 1, 87),
(37, '2020-11-14', '20:30:00', '21:00:00', 10, 83),
(38, '2020-11-14', '16:00:00', '16:30:00', 4, 24),
(39, '2020-11-14', '20:00:00', '20:30:00', 3, 22),
(40, '2020-11-14', '14:00:00', '14:30:00', 1, 27),
(41, '2020-11-14', '21:00:00', '21:30:00', 13, 7),
(42, '2020-11-14', '16:30:00', '17:00:00', 9, 34),
(43, '2020-11-14', '10:30:00', '14:00:00', 13, 72),
(44, '2020-11-14', '19:00:00', '20:00:00', 14, 79),
(45, '2020-11-14', '13:00:00', '14:30:00', 2, 42),
(46, '2020-11-14', '11:00:00', '13:30:00', 5, 89),
(47, '2020-11-14', '21:00:00', '21:30:00', 14, 42),
(48, '2020-11-14', '15:00:00', '16:00:00', 1, 60),
(49, '2020-11-14', '21:00:00', '21:30:00', 7, 53),
(50, '2020-11-14', '15:30:00', '16:30:00', 2, 60),
(51, '2020-11-15', '11:00:00', '12:30:00', 3, 15),
(52, '2020-11-14', '10:00:00', '11:00:00', 10, 37),
(53, '2020-11-15', '19:30:00', '20:00:00', 6, 35),
(54, '2020-11-14', '11:00:00', '11:30:00', 1, 15),
(55, '2020-11-15', '18:00:00', '20:00:00', 1, 22),
(56, '2020-11-15', '17:30:00', '20:30:00', 11, 79),
(57, '2020-11-14', '19:00:00', '20:00:00', 10, 4),
(58, '2020-11-15', '16:30:00', '19:00:00', 12, 58),
(59, '2020-11-15', '13:00:00', '13:30:00', 8, 6),
(60, '2020-11-14', '16:30:00', '18:00:00', 3, 99),
(61, '2020-11-15', '11:00:00', '13:30:00', 2, 71),
(62, '2020-11-15', '14:00:00', '14:30:00', 3, 48),
(63, '2020-11-14', '21:00:00', '21:30:00', 9, 12),
(64, '2020-11-15', '15:30:00', '19:30:00', 4, 17),
(65, '2020-11-14', '10:00:00', '12:00:00', 3, 30),
(66, '2020-11-15', '14:30:00', '18:30:00', 13, 87),
(67, '2020-11-14', '15:30:00', '17:00:00', 14, 36),
(68, '2020-11-15', '13:00:00', '17:30:00', 14, 35),
(69, '2020-11-14', '12:30:00', '14:00:00', 9, 63),
(70, '2020-11-15', '12:00:00', '15:00:00', 9, 73),
(71, '2020-11-15', '21:00:00', '21:30:00', 6, 67),
(72, '2020-11-15', '19:30:00', '20:00:00', 7, 57),
(73, '2020-11-14', '14:30:00', '15:30:00', 13, 90),
(74, '2020-11-15', '17:00:00', '20:00:00', 2, 25),
(75, '2020-11-15', '13:00:00', '14:00:00', 10, 6),
(76, '2020-11-14', '11:30:00', '12:00:00', 9, 44),
(77, '2020-11-15', '14:30:00', '15:30:00', 5, 72),
(78, '2020-11-14', '17:30:00', '18:00:00', 9, 42),
(79, '2020-11-15', '19:30:00', '20:30:00', 8, 53),
(80, '2020-11-15', '10:30:00', '19:00:00', 7, 68),
(81, '2020-11-15', '21:00:00', '21:30:00', 7, 13),
(82, '2020-11-15', '12:00:00', '14:30:00', 6, 70),
(83, '2020-11-14', '13:30:00', '15:00:00', 6, 54),
(84, '2020-11-15', '20:30:00', '21:00:00', 4, 5),
(85, '2020-11-14', '18:00:00', '18:30:00', 5, 58),
(86, '2020-11-15', '16:30:00', '18:00:00', 8, 97),
(87, '2020-11-15', '14:00:00', '15:00:00', 11, 2),
(88, '2020-11-15', '20:30:00', '21:00:00', 3, 90),
(89, '2020-11-15', '20:30:00', '21:00:00', 1, 2),
(90, '2020-11-14', '17:00:00', '18:30:00', 12, 45),
(91, '2020-11-15', '16:30:00', '17:00:00', 1, 47),
(92, '2020-11-15', '19:30:00', '20:00:00', 13, 89),
(93, '2020-11-15', '12:00:00', '15:30:00', 12, 28),
(94, '2020-11-15', '10:00:00', '10:30:00', 14, 78),
(95, '2020-11-15', '19:00:00', '19:30:00', 10, 7),
(96, '2020-11-15', '17:30:00', '20:30:00', 5, 51),
(97, '2020-11-15', '09:00:00', '11:00:00', 6, 78),
(98, '2020-11-15', '21:00:00', '21:30:00', 12, 69),
(99, '2020-11-15', '16:00:00', '16:30:00', 2, 68),
(100, '2020-11-15', '19:30:00', '21:00:00', 9, 29),
(101, '2020-11-15', '10:30:00', '12:30:00', 8, 43),
(102, '2020-11-15', '18:30:00', '19:00:00', 14, 60),
(103, '2020-11-15', '16:00:00', '16:30:00', 11, 60),
(104, '2020-11-15', '09:00:00', '11:30:00', 11, 78),
(105, '2020-11-15', '20:00:00', '21:00:00', 10, 49),
(106, '2020-11-15', '19:30:00', '20:30:00', 14, 62),
(107, '2020-11-15', '21:00:00', '21:30:00', 5, 60),
(108, '2020-11-15', '10:00:00', '10:30:00', 2, 1),
(109, '2020-11-15', '10:00:00', '13:00:00', 13, 29),
(110, '2020-11-15', '19:30:00', '20:30:00', 12, 89),
(111, '2020-11-15', '18:00:00', '18:30:00', 3, 92),
(112, '2020-11-15', '15:00:00', '16:00:00', 10, 62),
(113, '2020-11-15', '10:00:00', '12:00:00', 4, 27),
(114, '2020-11-15', '21:00:00', '21:30:00', 13, 55),
(115, '2020-11-15', '14:00:00', '14:30:00', 8, 14),
(116, '2020-11-15', '20:30:00', '21:00:00', 2, 4),
(117, '2020-11-15', '16:30:00', '17:30:00', 6, 71),
(118, '2020-11-15', '16:30:00', '19:00:00', 9, 96),
(119, '2020-11-15', '21:00:00', '21:30:00', 11, 33),
(120, '2020-11-15', '09:00:00', '09:30:00', 10, 75),
(121, '2020-11-15', '16:30:00', '18:00:00', 10, 1),
(122, '2020-11-15', '12:00:00', '15:30:00', 1, 40),
(123, '2020-11-15', '15:00:00', '17:30:00', 3, 62),
(124, '2020-11-15', '19:00:00', '20:00:00', 3, 36),
(125, '2020-11-15', '12:30:00', '13:00:00', 5, 87),
(126, '2020-11-15', '09:00:00', '09:30:00', 8, 6),
(127, '2020-11-15', '12:00:00', '12:30:00', 10, 63),
(128, '2020-11-15', '11:30:00', '12:30:00', 14, 18),
(129, '2020-11-15', '15:00:00', '15:30:00', 2, 66),
(130, '2020-11-15', '18:00:00', '19:00:00', 6, 97),
(131, '2020-11-15', '12:30:00', '14:30:00', 4, 27),
(132, '2020-11-15', '21:00:00', '21:30:00', 8, 19),
(133, '2020-11-15', '10:00:00', '11:30:00', 10, 88),
(134, '2020-11-15', '16:00:00', '17:00:00', 5, 68),
(135, '2020-11-15', '21:00:00', '21:30:00', 14, 97),
(136, '2020-11-15', '09:30:00', '10:00:00', 12, 51),
(137, '2020-11-15', '15:30:00', '16:00:00', 9, 43),
(138, '2020-11-15', '15:00:00', '16:00:00', 8, 89),
(139, '2020-11-15', '10:30:00', '11:30:00', 1, 48),
(140, '2020-11-15', '09:30:00', '10:00:00', 5, 93),
(141, '2020-11-15', '09:30:00', '10:00:00', 9, 17),
(142, '2020-11-15', '10:30:00', '11:00:00', 5, 68),
(143, '2020-11-15', '11:00:00', '11:30:00', 9, 39),
(144, '2020-11-15', '09:00:00', '09:30:00', 3, 25),
(145, '2020-11-15', '09:00:00', '09:30:00', 7, 22),
(146, '2020-11-15', '13:00:00', '13:30:00', 3, 18),
(147, '2020-11-15', '11:30:00', '12:00:00', 5, 21),
(148, '2020-11-15', '15:00:00', '16:00:00', 6, 73),
(149, '2020-11-15', '14:00:00', '14:30:00', 2, 14),
(150, '2020-11-15', '12:00:00', '13:30:00', 11, 20),
(151, '2020-11-15', '09:00:00', '10:00:00', 1, 67),
(152, '2020-11-15', '09:00:00', '09:30:00', 4, 42),
(153, '2020-11-15', '09:00:00', '09:30:00', 13, 58),
(154, '2020-11-15', '10:30:00', '11:00:00', 12, 63),
(155, '2020-11-15', '18:30:00', '19:00:00', 8, 21),
(156, '2020-11-15', '13:30:00', '14:00:00', 13, 85),
(157, '2020-11-15', '13:30:00', '14:00:00', 5, 63),
(158, '2020-11-16', '17:30:00', '19:30:00', 6, 43),
(159, '2020-11-16', '11:00:00', '17:00:00', 5, 48),
(160, '2020-11-16', '10:00:00', '17:00:00', 9, 80),
(161, '2020-11-16', '17:30:00', '19:00:00', 2, 23),
(162, '2020-11-15', '09:00:00', '09:30:00', 2, 26),
(163, '2020-11-16', '20:00:00', '20:30:00', 1, 11),
(164, '2020-11-16', '15:00:00', '19:30:00', 12, 84),
(165, '2020-11-16', '20:30:00', '21:00:00', 14, 23),
(166, '2020-11-16', '10:00:00', '20:00:00', 4, 49),
(167, '2020-11-16', '14:00:00', '21:00:00', 8, 60),
(168, '2020-11-16', '18:00:00', '19:00:00', 10, 36),
(169, '2020-11-16', '13:30:00', '17:00:00', 13, 67),
(170, '2020-11-16', '11:00:00', '16:30:00', 2, 74),
(171, '2020-11-16', '11:30:00', '16:30:00', 11, 32),
(172, '2020-11-16', '20:00:00', '20:30:00', 9, 4),
(173, '2020-11-16', '17:30:00', '18:30:00', 1, 89),
(174, '2020-11-16', '12:30:00', '14:00:00', 3, 39),
(175, '2020-11-16', '09:00:00', '15:00:00', 7, 69),
(176, '2020-11-16', '11:30:00', '19:30:00', 14, 20),
(177, '2020-11-16', '09:00:00', '16:00:00', 10, 21),
(178, '2020-11-16', '20:00:00', '21:00:00', 3, 75),
(179, '2020-11-16', '15:30:00', '16:30:00', 6, 74),
(180, '2020-11-16', '17:30:00', '20:00:00', 13, 79),
(181, '2020-11-16', '20:00:00', '20:30:00', 6, 32),
(182, '2020-11-16', '14:30:00', '19:30:00', 3, 13),
(183, '2020-11-16', '20:30:00', '21:00:00', 12, 57),
(184, '2020-11-16', '21:00:00', '21:30:00', 5, 31),
(185, '2020-11-16', '10:00:00', '12:30:00', 6, 85),
(186, '2020-11-16', '13:00:00', '13:30:00', 8, 46),
(187, '2020-11-16', '21:00:00', '21:30:00', 1, 30),
(188, '2020-11-16', '11:30:00', '12:30:00', 1, 82),
(189, '2020-11-16', '21:00:00', '21:30:00', 11, 17),
(190, '2020-11-16', '17:00:00', '18:00:00', 7, 91),
(191, '2020-11-16', '20:30:00', '21:00:00', 2, 75),
(192, '2020-11-16', '18:00:00', '18:30:00', 5, 45),
(193, '2020-11-16', '18:30:00', '19:00:00', 9, 80),
(194, '2020-11-16', '21:00:00', '21:30:00', 7, 51),
(195, '2020-11-16', '20:00:00', '21:00:00', 10, 24),
(196, '2020-11-16', '21:00:00', '21:30:00', 13, 27),
(197, '2020-11-16', '19:00:00', '19:30:00', 11, 34),
(198, '2020-11-16', '19:00:00', '19:30:00', 7, 88),
(199, '2020-11-16', '09:30:00', '11:00:00', 1, 8),
(200, '2020-11-16', '20:30:00', '21:00:00', 4, 37),
(201, '2020-11-16', '11:00:00', '11:30:00', 13, 68),
(202, '2020-11-16', '12:30:00', '13:00:00', 12, 92),
(203, '2020-11-16', '19:00:00', '20:00:00', 5, 16),
(204, '2020-11-16', '14:00:00', '17:00:00', 1, 69),
(205, '2020-11-16', '10:00:00', '10:30:00', 2, 14),
(206, '2020-11-16', '21:00:00', '21:30:00', 9, 17),
(207, '2020-11-15', '09:00:00', '09:30:00', 14, 49),
(208, '2020-11-16', '09:00:00', '10:30:00', 14, 38),
(209, '2020-11-16', '18:00:00', '18:30:00', 11, 25),
(210, '2020-11-16', '20:00:00', '20:30:00', 11, 78),
(211, '2020-11-16', '10:00:00', '12:00:00', 3, 81),
(212, '2020-11-16', '19:30:00', '20:00:00', 2, 88),
(213, '2020-11-16', '09:30:00', '10:00:00', 13, 27),
(214, '2020-11-16', '13:00:00', '14:00:00', 6, 97),
(215, '2020-11-16', '20:00:00', '20:30:00', 7, 80),
(216, '2020-11-16', '17:00:00', '17:30:00', 10, 99),
(217, '2020-11-16', '09:00:00', '10:30:00', 8, 61),
(218, '2020-11-16', '15:30:00', '16:00:00', 7, 25),
(219, '2020-11-16', '13:00:00', '13:30:00', 1, 35),
(220, '2020-11-16', '10:00:00', '11:00:00', 11, 38),
(221, '2020-11-16', '09:30:00', '10:00:00', 5, 68),
(222, '2020-11-16', '13:30:00', '14:00:00', 12, 66),
(223, '2020-11-16', '11:00:00', '12:30:00', 8, 8),
(224, '2020-11-16', '09:00:00', '11:30:00', 12, 80),
(225, '2020-11-16', '12:30:00', '13:00:00', 13, 93),
(226, '2020-11-16', '14:30:00', '15:00:00', 6, 69),
(227, '2020-11-16', '21:00:00', '21:30:00', 6, 57),
(228, '2020-11-16', '09:00:00', '09:30:00', 2, 4),
(229, '2020-11-16', '09:00:00', '09:30:00', 3, 2),
(230, '2020-11-15', '10:00:00', '10:30:00', 3, 34),
(231, '2020-11-16', '09:00:00', '09:30:00', 11, 83),
(232, '2020-11-17', '17:00:00', '18:00:00', 5, 100),
(233, '2020-11-17', '20:00:00', '20:30:00', 4, 80),
(234, '2020-11-17', '17:30:00', '19:00:00', 2, 81),
(235, '2020-11-17', '15:30:00', '17:30:00', 6, 28),
(236, '2020-11-17', '19:00:00', '20:00:00', 7, 58),
(237, '2020-11-17', '12:30:00', '19:30:00', 3, 24),
(238, '2020-11-17', '10:30:00', '13:30:00', 1, 59),
(239, '2020-11-17', '17:30:00', '18:00:00', 4, 50),
(240, '2020-11-17', '09:00:00', '12:00:00', 5, 74),
(241, '2020-11-17', '16:30:00', '17:00:00', 11, 74),
(242, '2020-11-17', '11:30:00', '20:30:00', 10, 69),
(243, '2020-11-17', '17:30:00', '19:00:00', 11, 94),
(244, '2020-11-17', '16:00:00', '19:30:00', 9, 6),
(245, '2020-11-17', '12:00:00', '20:00:00', 13, 87),
(246, '2020-11-17', '20:30:00', '21:00:00', 9, 31),
(247, '2020-11-17', '09:30:00', '11:00:00', 10, 31),
(248, '2020-11-17', '16:00:00', '18:30:00', 8, 41),
(249, '2020-11-17', '14:30:00', '16:00:00', 2, 24),
(250, '2020-11-17', '20:30:00', '21:00:00', 1, 41),
(251, '2020-11-17', '20:30:00', '21:00:00', 8, 68),
(252, '2020-11-17', '13:30:00', '14:30:00', 5, 6),
(253, '2020-11-17', '18:30:00', '19:30:00', 4, 76),
(254, '2020-11-17', '11:00:00', '11:30:00', 11, 94),
(255, '2020-11-17', '15:30:00', '18:30:00', 14, 66),
(256, '2020-11-17', '10:30:00', '11:30:00', 9, 20),
(257, '2020-11-17', '16:30:00', '17:00:00', 12, 18),
(258, '2020-11-17', '19:00:00', '20:30:00', 6, 63),
(259, '2020-11-17', '12:30:00', '14:30:00', 8, 82),
(260, '2020-11-17', '20:30:00', '21:00:00', 2, 8),
(261, '2020-11-17', '17:30:00', '18:30:00', 12, 9),
(262, '2020-11-17', '10:30:00', '13:30:00', 4, 42),
(263, '2020-11-17', '15:00:00', '15:30:00', 4, 51),
(264, '2020-11-17', '12:30:00', '15:00:00', 9, 36),
(265, '2020-11-17', '21:00:00', '21:30:00', 14, 54),
(266, '2020-11-17', '10:30:00', '12:30:00', 2, 41),
(267, '2020-11-17', '19:30:00', '20:00:00', 11, 91),
(268, '2020-11-17', '13:00:00', '13:30:00', 12, 65),
(269, '2020-11-17', '19:30:00', '20:30:00', 12, 3),
(270, '2020-11-17', '20:30:00', '21:00:00', 13, 30),
(271, '2020-11-17', '12:30:00', '15:30:00', 7, 60),
(272, '2020-11-17', '11:00:00', '11:30:00', 12, 53),
(273, '2020-11-17', '19:00:00', '19:30:00', 1, 46),
(274, '2020-11-17', '10:00:00', '10:30:00', 8, 93),
(275, '2020-11-17', '21:00:00', '21:30:00', 5, 37),
(276, '2020-11-17', '15:00:00', '15:30:00', 5, 49),
(277, '2020-11-17', '13:30:00', '15:30:00', 11, 52),
(278, '2020-11-17', '16:30:00', '18:00:00', 1, 75),
(279, '2020-11-17', '16:00:00', '17:30:00', 7, 79),
(280, '2020-11-17', '19:00:00', '20:00:00', 5, 79),
(281, '2020-11-17', '21:00:00', '21:30:00', 12, 61),
(282, '2020-11-17', '09:30:00', '10:30:00', 13, 26),
(283, '2020-11-17', '10:30:00', '11:30:00', 3, 19),
(284, '2020-11-17', '20:30:00', '21:00:00', 7, 21),
(285, '2020-11-17', '21:00:00', '21:30:00', 4, 95),
(286, '2020-11-17', '20:30:00', '21:00:00', 3, 82),
(287, '2020-11-17', '21:00:00', '21:30:00', 6, 16),
(288, '2020-11-17', '09:00:00', '10:30:00', 14, 96),
(289, '2020-11-17', '13:00:00', '14:30:00', 6, 57),
(290, '2020-11-17', '18:00:00', '18:30:00', 6, 21),
(291, '2020-11-17', '20:30:00', '21:00:00', 11, 20),
(292, '2020-11-17', '09:00:00', '09:30:00', 6, 40),
(293, '2020-11-17', '09:30:00', '10:00:00', 11, 25),
(294, '2020-11-17', '09:30:00', '12:00:00', 7, 91),
(295, '2020-11-17', '15:30:00', '16:00:00', 1, 40),
(296, '2020-11-17', '21:00:00', '21:30:00', 10, 84),
(297, '2020-11-17', '19:30:00', '20:00:00', 14, 74),
(298, '2020-11-17', '09:30:00', '10:00:00', 4, 48),
(299, '2020-11-17', '11:30:00', '14:00:00', 14, 97),
(300, '2020-11-17', '09:00:00', '10:30:00', 12, 9),
(301, '2020-11-17', '15:00:00', '15:30:00', 12, 7),
(302, '2020-11-17', '19:30:00', '20:00:00', 2, 64),
(303, '2020-11-17', '14:00:00', '14:30:00', 1, 25),
(304, '2020-11-17', '10:00:00', '12:00:00', 6, 94),
(305, '2020-11-17', '14:00:00', '14:30:00', 12, 6),
(306, '2020-11-17', '09:00:00', '09:30:00', 2, 90),
(307, '2020-11-17', '11:00:00', '11:30:00', 8, 72),
(308, '2020-11-17', '19:00:00', '20:00:00', 8, 93),
(309, '2020-11-17', '15:00:00', '15:30:00', 8, 17),
(310, '2020-11-17', '18:00:00', '18:30:00', 7, 75),
(311, '2020-11-17', '16:00:00', '16:30:00', 4, 15),
(312, '2020-11-17', '09:00:00', '09:30:00', 8, 41),
(313, '2020-11-17', '09:30:00', '10:00:00', 1, 69),
(314, '2020-11-17', '13:30:00', '14:00:00', 2, 23),
(315, '2020-11-17', '16:30:00', '17:00:00', 2, 83),
(316, '2020-11-17', '12:00:00', '12:30:00', 12, 96),
(317, '2020-11-17', '14:00:00', '14:30:00', 4, 34),
(318, '2020-11-17', '09:30:00', '10:00:00', 9, 28),
(319, '2020-11-17', '12:00:00', '13:00:00', 11, 53),
(320, '2020-11-17', '16:00:00', '16:30:00', 5, 40),
(321, '2020-11-17', '12:30:00', '13:00:00', 5, 7),
(322, '2020-11-17', '09:30:00', '10:00:00', 3, 39),
(323, '2020-11-17', '14:30:00', '15:00:00', 14, 57),
(324, '2020-11-17', '11:00:00', '11:30:00', 13, 7),
(325, '2020-11-18', '15:30:00', '19:00:00', 14, 18),
(326, '2020-11-18', '17:30:00', '19:30:00', 1, 47),
(327, '2020-11-18', '19:00:00', '20:30:00', 3, 17),
(328, '2020-11-18', '14:00:00', '18:30:00', 9, 75),
(329, '2020-11-18', '18:00:00', '20:30:00', 4, 45),
(330, '2020-11-18', '13:30:00', '14:30:00', 10, 15),
(331, '2020-11-18', '09:00:00', '16:30:00', 6, 88),
(332, '2020-11-18', '09:00:00', '10:30:00', 7, 36),
(333, '2020-11-18', '18:00:00', '18:30:00', 5, 9),
(334, '2020-11-18', '18:30:00', '21:00:00', 7, 90),
(335, '2020-11-18', '15:30:00', '17:30:00', 12, 78),
(336, '2020-11-18', '21:00:00', '21:30:00', 1, 78),
(337, '2020-11-18', '19:30:00', '20:00:00', 12, 74),
(338, '2020-11-18', '18:00:00', '20:00:00', 11, 29),
(339, '2020-11-18', '18:00:00', '19:00:00', 8, 77),
(340, '2020-11-18', '10:00:00', '10:30:00', 14, 56),
(341, '2020-11-18', '11:00:00', '14:00:00', 13, 80),
(342, '2020-11-18', '20:00:00', '20:30:00', 9, 70),
(343, '2020-11-18', '11:00:00', '16:30:00', 5, 2),
(344, '2020-11-18', '10:00:00', '14:00:00', 12, 36),
(345, '2020-11-18', '12:00:00', '16:00:00', 8, 29),
(346, '2020-11-18', '12:00:00', '14:30:00', 11, 100),
(347, '2020-11-18', '11:30:00', '14:00:00', 14, 31),
(348, '2020-11-18', '18:30:00', '19:30:00', 13, 65),
(349, '2020-11-18', '16:00:00', '16:30:00', 13, 73),
(350, '2020-11-18', '12:00:00', '15:30:00', 7, 50),
(351, '2020-11-18', '16:30:00', '20:30:00', 10, 45),
(352, '2020-11-18', '20:30:00', '21:00:00', 8, 36),
(353, '2020-11-18', '15:00:00', '20:00:00', 2, 23),
(354, '2020-11-18', '18:00:00', '18:30:00', 3, 3),
(355, '2020-11-18', '10:00:00', '16:00:00', 3, 30),
(356, '2020-11-18', '10:00:00', '14:00:00', 2, 23),
(357, '2020-11-18', '20:30:00', '21:00:00', 5, 41),
(358, '2020-11-18', '19:00:00', '19:30:00', 9, 86),
(359, '2020-11-18', '11:30:00', '15:00:00', 1, 48),
(360, '2020-11-18', '20:30:00', '21:00:00', 11, 18),
(361, '2020-11-18', '19:00:00', '19:30:00', 6, 39),
(362, '2020-11-18', '16:00:00', '18:00:00', 7, 91),
(363, '2020-11-18', '16:00:00', '17:00:00', 4, 72),
(364, '2020-11-18', '21:00:00', '21:30:00', 2, 38),
(365, '2020-11-18', '21:00:00', '21:30:00', 13, 31),
(366, '2020-11-18', '11:00:00', '13:30:00', 4, 22),
(367, '2020-11-18', '21:00:00', '21:30:00', 12, 80),
(368, '2020-11-18', '21:00:00', '21:30:00', 6, 47),
(369, '2020-11-18', '10:00:00', '13:30:00', 9, 26),
(370, '2020-11-18', '20:00:00', '20:30:00', 6, 4),
(371, '2020-11-18', '17:00:00', '17:30:00', 3, 97),
(372, '2020-11-18', '17:00:00', '18:00:00', 6, 87),
(373, '2020-11-18', '09:00:00', '09:30:00', 5, 30),
(374, '2020-11-18', '09:00:00', '09:30:00', 3, 86),
(375, '2020-11-18', '19:00:00', '19:30:00', 5, 97),
(376, '2020-11-18', '21:00:00', '21:30:00', 4, 13),
(377, '2020-11-18', '15:00:00', '15:30:00', 10, 52),
(378, '2020-11-18', '15:00:00', '17:30:00', 11, 63),
(379, '2020-11-18', '21:00:00', '21:30:00', 3, 50),
(380, '2020-11-18', '21:00:00', '21:30:00', 14, 39),
(381, '2020-11-18', '11:00:00', '11:30:00', 8, 32),
(382, '2020-11-18', '18:30:00', '19:00:00', 12, 54),
(383, '2020-11-18', '11:30:00', '12:00:00', 10, 21),
(384, '2020-11-18', '21:00:00', '21:30:00', 9, 44),
(385, '2020-11-18', '19:30:00', '20:30:00', 14, 69),
(386, '2020-11-18', '09:30:00', '10:30:00', 11, 59),
(387, '2020-11-18', '17:00:00', '17:30:00', 5, 45),
(388, '2020-11-18', '14:30:00', '15:30:00', 4, 36),
(389, '2020-11-18', '10:00:00', '10:30:00', 8, 32),
(390, '2020-11-18', '21:00:00', '21:30:00', 10, 6),
(391, '2020-11-18', '19:30:00', '20:00:00', 8, 29),
(392, '2020-11-18', '15:30:00', '16:00:00', 1, 70),
(393, '2020-11-18', '09:30:00', '10:30:00', 10, 16),
(394, '2020-11-18', '16:30:00', '17:30:00', 8, 20),
(395, '2020-11-18', '17:00:00', '18:00:00', 13, 6),
(396, '2020-11-18', '14:30:00', '15:30:00', 13, 52),
(397, '2020-11-18', '14:30:00', '15:00:00', 14, 94),
(398, '2020-11-18', '20:00:00', '20:30:00', 13, 97),
(399, '2020-11-18', '10:00:00', '10:30:00', 1, 24),
(400, '2020-11-18', '20:00:00', '20:30:00', 1, 11),
(401, '2020-11-18', '09:00:00', '09:30:00', 2, 100),
(402, '2020-11-18', '09:00:00', '09:30:00', 8, 67),
(403, '2020-11-18', '09:30:00', '10:30:00', 4, 26),
(404, '2020-11-18', '11:00:00', '11:30:00', 11, 78),
(405, '2020-11-18', '09:00:00', '09:30:00', 14, 41),
(406, '2020-11-18', '09:00:00', '09:30:00', 1, 96),
(407, '2020-11-18', '09:00:00', '09:30:00', 13, 57),
(408, '2020-11-18', '11:00:00', '11:30:00', 7, 35),
(409, '2020-11-19', '14:00:00', '15:00:00', 7, 49),
(410, '2020-11-19', '20:30:00', '21:00:00', 14, 39),
(411, '2020-11-19', '19:00:00', '20:00:00', 10, 56),
(412, '2020-11-19', '18:00:00', '18:30:00', 6, 66),
(413, '2020-11-19', '09:30:00', '16:30:00', 13, 68),
(414, '2020-11-19', '14:30:00', '15:00:00', 4, 96),
(415, '2020-11-19', '16:00:00', '21:00:00', 9, 44),
(416, '2020-11-19', '21:00:00', '21:30:00', 13, 16),
(417, '2020-11-19', '11:00:00', '16:30:00', 14, 85),
(418, '2020-11-19', '19:30:00', '21:00:00', 5, 47),
(419, '2020-11-19', '17:30:00', '19:00:00', 5, 59),
(420, '2020-11-19', '13:00:00', '13:30:00', 9, 90),
(421, '2020-11-19', '20:00:00', '20:30:00', 13, 26),
(422, '2020-11-19', '19:00:00', '20:00:00', 14, 79),
(423, '2020-11-19', '20:30:00', '21:00:00', 12, 98),
(424, '2020-11-19', '20:00:00', '20:30:00', 11, 16),
(425, '2020-11-19', '10:30:00', '17:30:00', 12, 13),
(426, '2020-11-19', '09:00:00', '17:30:00', 6, 15),
(427, '2020-11-19', '16:30:00', '18:00:00', 8, 93),
(428, '2020-11-19', '12:30:00', '15:30:00', 5, 23),
(429, '2020-11-19', '09:00:00', '13:30:00', 11, 70),
(430, '2020-11-19', '19:30:00', '21:00:00', 7, 49),
(431, '2020-11-19', '10:00:00', '15:00:00', 1, 2),
(432, '2020-11-19', '11:30:00', '15:30:00', 8, 90),
(433, '2020-11-19', '09:30:00', '12:00:00', 2, 22),
(434, '2020-11-19', '10:00:00', '11:30:00', 3, 72),
(435, '2020-11-19', '17:30:00', '19:00:00', 11, 65),
(436, '2020-11-19', '20:00:00', '20:30:00', 6, 96),
(437, '2020-11-19', '16:00:00', '19:00:00', 7, 22),
(438, '2020-11-19', '16:00:00', '18:30:00', 10, 42),
(439, '2020-11-19', '16:00:00', '17:00:00', 4, 86),
(440, '2020-11-19', '19:30:00', '20:00:00', 4, 41),
(441, '2020-11-19', '12:30:00', '18:00:00', 3, 55),
(442, '2020-11-19', '17:00:00', '18:00:00', 1, 84),
(443, '2020-11-19', '14:00:00', '15:00:00', 10, 21),
(444, '2020-11-19', '14:30:00', '18:00:00', 2, 47),
(445, '2020-11-19', '21:00:00', '21:30:00', 10, 85),
(446, '2020-11-19', '20:30:00', '21:00:00', 3, 70),
(447, '2020-11-19', '21:00:00', '21:30:00', 6, 9),
(448, '2020-11-19', '14:30:00', '16:00:00', 11, 19),
(449, '2020-11-19', '21:00:00', '21:30:00', 1, 34),
(450, '2020-11-19', '18:30:00', '19:30:00', 2, 22),
(451, '2020-11-19', '19:00:00', '20:30:00', 1, 32),
(452, '2020-11-19', '18:30:00', '20:30:00', 8, 92),
(453, '2020-11-19', '12:30:00', '13:30:00', 4, 4),
(454, '2020-11-19', '20:00:00', '20:30:00', 2, 18),
(455, '2020-11-19', '11:00:00', '13:00:00', 7, 69),
(456, '2020-11-19', '09:30:00', '11:00:00', 5, 77),
(457, '2020-11-19', '21:00:00', '21:30:00', 4, 67),
(458, '2020-11-19', '17:00:00', '18:00:00', 13, 92),
(459, '2020-11-19', '09:00:00', '09:30:00', 9, 1),
(460, '2020-11-19', '19:00:00', '19:30:00', 13, 37),
(461, '2020-11-19', '18:30:00', '20:00:00', 12, 5),
(462, '2020-11-19', '11:00:00', '11:30:00', 9, 92),
(463, '2020-11-19', '11:00:00', '13:00:00', 10, 10),
(464, '2020-11-19', '21:00:00', '21:30:00', 11, 45),
(465, '2020-11-19', '21:00:00', '21:30:00', 2, 91),
(466, '2020-11-19', '14:00:00', '15:30:00', 9, 43),
(467, '2020-11-19', '18:30:00', '20:00:00', 3, 41),
(468, '2020-11-19', '09:30:00', '10:30:00', 7, 62),
(469, '2020-11-19', '12:30:00', '14:00:00', 2, 7),
(470, '2020-11-19', '21:00:00', '21:30:00', 8, 19),
(471, '2020-11-21', '15:00:00', '17:00:00', 4, 49),
(472, '2020-11-21', '13:30:00', '17:30:00', 10, 59),
(473, '2020-11-21', '10:00:00', '13:00:00', 11, 66),
(474, '2020-11-21', '09:00:00', '17:00:00', 6, 55),
(475, '2020-11-21', '16:00:00', '19:00:00', 13, 37),
(476, '2020-11-21', '18:00:00', '18:30:00', 7, 54),
(477, '2020-11-21', '10:00:00', '16:00:00', 5, 66),
(478, '2020-11-21', '09:30:00', '12:00:00', 9, 25),
(479, '2020-11-21', '15:00:00', '19:30:00', 12, 84),
(480, '2020-11-21', '18:30:00', '20:30:00', 6, 8),
(481, '2020-11-21', '10:30:00', '15:30:00', 13, 31),
(482, '2020-11-21', '21:00:00', '21:30:00', 3, 51),
(483, '2020-11-21', '10:30:00', '16:30:00', 14, 60),
(484, '2020-11-21', '16:30:00', '18:00:00', 8, 31),
(485, '2020-11-21', '19:00:00', '19:30:00', 14, 31),
(486, '2020-11-21', '19:30:00', '21:00:00', 5, 25),
(487, '2020-11-21', '12:00:00', '18:30:00', 1, 87),
(488, '2020-11-21', '16:00:00', '20:00:00', 3, 98),
(489, '2020-11-21', '21:00:00', '21:30:00', 2, 75),
(490, '2020-11-21', '09:00:00', '11:00:00', 2, 92),
(491, '2020-11-21', '11:00:00', '14:00:00', 7, 1),
(492, '2020-11-21', '20:30:00', '21:00:00', 8, 53),
(493, '2020-11-21', '17:30:00', '19:30:00', 4, 61),
(494, '2020-11-21', '18:00:00', '21:00:00', 10, 68),
(495, '2020-11-21', '15:00:00', '18:00:00', 9, 81),
(496, '2020-11-21', '19:00:00', '20:00:00', 1, 25),
(497, '2020-11-21', '14:00:00', '14:30:00', 2, 45),
(498, '2020-11-21', '21:00:00', '21:30:00', 7, 83),
(499, '2020-11-21', '09:30:00', '10:30:00', 12, 11),
(500, '2020-11-21', '16:00:00', '19:30:00', 2, 24),
(501, '2020-11-21', '18:30:00', '20:30:00', 11, 14),
(502, '2020-11-21', '20:30:00', '21:00:00', 14, 100),
(503, '2020-11-21', '14:30:00', '15:30:00', 7, 72),
(504, '2020-11-21', '20:30:00', '21:00:00', 1, 42),
(505, '2020-11-21', '19:00:00', '20:00:00', 7, 10),
(506, '2020-11-21', '09:30:00', '16:00:00', 8, 37),
(507, '2020-11-21', '20:30:00', '21:00:00', 9, 5),
(508, '2020-11-21', '19:00:00', '19:30:00', 9, 9),
(509, '2020-11-21', '17:00:00', '17:30:00', 14, 23),
(510, '2020-11-21', '21:00:00', '21:30:00', 12, 51),
(511, '2020-11-21', '16:30:00', '18:00:00', 11, 68),
(512, '2020-11-21', '17:30:00', '19:00:00', 5, 95),
(513, '2020-11-21', '12:00:00', '12:30:00', 2, 90),
(514, '2020-11-21', '12:00:00', '14:30:00', 3, 65),
(515, '2020-11-21', '10:30:00', '11:30:00', 3, 46),
(516, '2020-11-21', '10:30:00', '11:30:00', 10, 76),
(517, '2020-11-21', '11:00:00', '12:00:00', 12, 16),
(518, '2020-11-21', '20:30:00', '21:00:00', 13, 11),
(519, '2020-11-21', '12:30:00', '13:30:00', 9, 19),
(520, '2020-11-21', '20:00:00', '20:30:00', 12, 66),
(521, '2020-11-21', '13:30:00', '15:30:00', 11, 53),
(522, '2020-11-21', '09:00:00', '09:30:00', 1, 82),
(523, '2020-11-21', '21:00:00', '21:30:00', 4, 56),
(524, '2020-11-21', '10:00:00', '11:00:00', 1, 13),
(525, '2020-11-21', '09:30:00', '14:00:00', 4, 59),
(526, '2020-11-21', '18:30:00', '19:30:00', 8, 16),
(527, '2020-11-21', '21:00:00', '21:30:00', 6, 37),
(528, '2020-11-21', '13:00:00', '14:30:00', 12, 77),
(529, '2020-11-21', '21:00:00', '21:30:00', 11, 53),
(530, '2020-11-21', '09:00:00', '09:30:00', 14, 62),
(531, '2020-11-22', '12:30:00', '19:30:00', 1, 1),
(532, '2020-11-22', '16:30:00', '18:30:00', 8, 1),
(533, '2020-11-22', '18:30:00', '19:00:00', 12, 64),
(534, '2020-11-22', '13:00:00', '15:00:00', 13, 26),
(535, '2020-11-22', '12:00:00', '19:30:00', 6, 67),
(536, '2020-11-22', '16:30:00', '18:00:00', 10, 51),
(537, '2020-11-22', '20:30:00', '21:00:00', 4, 23),
(538, '2020-11-22', '13:00:00', '14:00:00', 10, 24),
(539, '2020-11-22', '12:30:00', '15:00:00', 9, 97),
(540, '2020-11-22', '17:30:00', '19:00:00', 5, 15),
(541, '2020-11-22', '17:30:00', '20:00:00', 9, 1),
(542, '2020-11-22', '10:30:00', '11:30:00', 7, 60),
(543, '2020-11-22', '20:30:00', '21:00:00', 9, 35),
(544, '2020-11-22', '20:00:00', '20:30:00', 1, 28),
(545, '2020-11-22', '13:00:00', '18:00:00', 12, 12),
(546, '2020-11-22', '11:30:00', '21:00:00', 2, 50),
(547, '2020-11-22', '11:00:00', '11:30:00', 11, 11),
(548, '2020-11-22', '15:00:00', '15:30:00', 11, 38),
(549, '2020-11-22', '10:30:00', '15:00:00', 5, 13),
(550, '2020-11-22', '20:30:00', '21:00:00', 3, 43),
(551, '2020-11-22', '12:00:00', '15:30:00', 7, 11),
(552, '2020-11-22', '19:00:00', '21:00:00', 13, 100),
(553, '2020-11-22', '10:00:00', '13:00:00', 3, 93),
(554, '2020-11-22', '20:00:00', '21:00:00', 11, 76),
(555, '2020-11-22', '16:00:00', '20:00:00', 7, 67),
(556, '2020-11-22', '10:00:00', '19:00:00', 4, 26),
(557, '2020-11-22', '17:00:00', '17:30:00', 11, 98),
(558, '2020-11-22', '12:30:00', '20:30:00', 14, 2),
(559, '2020-11-22', '21:00:00', '21:30:00', 14, 70),
(560, '2020-11-22', '09:00:00', '15:30:00', 8, 43),
(561, '2020-11-22', '18:30:00', '19:30:00', 11, 9),
(562, '2020-11-22', '20:30:00', '21:00:00', 8, 24),
(563, '2020-11-22', '21:00:00', '21:30:00', 12, 8),
(564, '2020-11-22', '09:00:00', '09:30:00', 11, 68),
(565, '2020-11-22', '19:30:00', '20:00:00', 5, 51),
(566, '2020-11-22', '19:30:00', '20:00:00', 10, 6),
(567, '2020-11-22', '21:00:00', '21:30:00', 6, 27),
(568, '2020-11-22', '20:30:00', '21:00:00', 10, 38),
(569, '2020-11-22', '16:30:00', '17:00:00', 13, 20),
(570, '2020-11-22', '19:00:00', '20:00:00', 8, 35),
(571, '2020-11-22', '14:30:00', '15:00:00', 10, 77),
(572, '2020-11-22', '21:00:00', '21:30:00', 1, 23),
(573, '2020-11-23', '20:00:00', '21:00:00', 5, 3),
(574, '2020-11-23', '11:00:00', '16:30:00', 8, 73),
(575, '2020-11-23', '10:30:00', '17:30:00', 5, 88),
(576, '2020-11-23', '12:30:00', '17:00:00', 7, 9),
(577, '2020-11-23', '10:30:00', '14:30:00', 1, 35),
(578, '2020-11-23', '09:00:00', '11:30:00', 2, 100),
(579, '2020-11-23', '17:00:00', '21:00:00', 12, 60),
(580, '2020-11-23', '15:00:00', '17:00:00', 9, 40),
(581, '2020-11-23', '20:30:00', '21:00:00', 4, 98),
(582, '2020-11-23', '18:00:00', '18:30:00', 13, 74),
(583, '2020-11-23', '14:00:00', '15:00:00', 6, 92),
(584, '2020-11-23', '16:30:00', '18:30:00', 1, 46),
(585, '2020-11-23', '15:00:00', '17:30:00', 3, 33),
(586, '2020-11-23', '17:30:00', '19:00:00', 6, 46),
(587, '2020-11-23', '14:30:00', '16:00:00', 13, 31),
(588, '2020-11-23', '12:00:00', '14:00:00', 9, 30),
(589, '2020-11-23', '16:30:00', '20:00:00', 4, 98),
(590, '2020-11-23', '11:00:00', '15:30:00', 10, 26),
(591, '2020-11-23', '19:00:00', '20:30:00', 2, 85),
(592, '2020-11-23', '15:00:00', '20:30:00', 11, 95),
(593, '2020-11-23', '12:00:00', '16:00:00', 14, 95),
(594, '2020-11-23', '20:00:00', '20:30:00', 8, 45),
(595, '2020-11-23', '19:30:00', '20:00:00', 10, 7),
(596, '2020-11-23', '11:30:00', '15:00:00', 12, 21),
(597, '2020-11-23', '21:00:00', '21:30:00', 13, 68),
(598, '2020-11-23', '19:00:00', '19:30:00', 14, 41),
(599, '2020-11-23', '15:30:00', '16:30:00', 6, 38),
(600, '2020-11-23', '17:00:00', '17:30:00', 13, 65),
(601, '2020-11-23', '19:00:00', '20:00:00', 1, 46),
(602, '2020-11-23', '19:00:00', '20:30:00', 3, 86),
(603, '2020-11-23', '17:30:00', '19:00:00', 8, 88),
(604, '2020-11-23', '19:30:00', '20:30:00', 13, 76),
(605, '2020-11-23', '18:30:00', '19:00:00', 9, 49),
(606, '2020-11-23', '11:00:00', '13:00:00', 4, 47),
(607, '2020-11-23', '20:30:00', '21:00:00', 7, 23),
(608, '2020-11-23', '17:30:00', '19:30:00', 7, 3),
(609, '2020-11-23', '20:00:00', '21:00:00', 9, 71),
(610, '2020-11-23', '20:30:00', '21:00:00', 1, 59),
(611, '2020-11-23', '10:30:00', '12:00:00', 13, 62),
(612, '2020-11-23', '10:00:00', '10:30:00', 8, 91),
(613, '2020-11-24', '21:00:00', '21:30:00', 6, 48),
(614, '2020-11-24', '17:30:00', '20:00:00', 11, 96),
(615, '2020-11-24', '17:30:00', '19:00:00', 12, 90),
(616, '2020-11-24', '09:00:00', '19:00:00', 6, 18),
(617, '2020-11-24', '17:30:00', '18:00:00', 2, 78),
(618, '2020-11-24', '10:00:00', '10:30:00', 2, 22),
(619, '2020-11-24', '20:30:00', '21:00:00', 13, 89),
(620, '2020-11-24', '20:30:00', '21:00:00', 10, 19),
(621, '2020-11-24', '16:30:00', '17:00:00', 10, 45),
(622, '2020-11-24', '20:00:00', '21:00:00', 3, 4),
(623, '2020-11-24', '13:00:00', '14:30:00', 1, 98),
(624, '2020-11-24', '11:00:00', '19:00:00', 4, 18),
(625, '2020-11-24', '10:00:00', '13:00:00', 12, 65),
(626, '2020-11-24', '16:00:00', '21:00:00', 8, 23),
(627, '2020-11-24', '12:00:00', '17:00:00', 9, 59),
(628, '2020-11-24', '11:30:00', '15:30:00', 5, 82),
(629, '2020-11-24', '18:30:00', '19:00:00', 2, 85),
(630, '2020-11-24', '20:30:00', '21:00:00', 2, 18),
(631, '2020-11-24', '12:30:00', '21:00:00', 14, 46),
(632, '2020-11-24', '20:00:00', '21:00:00', 4, 9),
(633, '2020-11-24', '21:00:00', '21:30:00', 5, 84),
(634, '2020-11-24', '09:00:00', '18:30:00', 13, 17),
(635, '2020-11-24', '20:00:00', '21:00:00', 9, 62),
(636, '2020-11-24', '16:30:00', '17:30:00', 3, 54),
(637, '2020-11-24', '20:30:00', '21:00:00', 11, 6),
(638, '2020-11-24', '09:30:00', '10:00:00', 1, 44),
(639, '2020-11-24', '16:30:00', '20:00:00', 7, 64),
(640, '2020-11-24', '13:00:00', '14:00:00', 8, 62),
(641, '2020-11-24', '14:30:00', '16:30:00', 12, 85),
(642, '2020-11-24', '11:30:00', '13:00:00', 2, 34),
(643, '2020-11-24', '19:30:00', '21:00:00', 12, 53),
(644, '2020-11-24', '19:30:00', '20:00:00', 2, 22),
(645, '2020-11-24', '18:30:00', '20:30:00', 1, 50),
(646, '2020-11-24', '10:00:00', '16:00:00', 3, 22),
(647, '2020-11-25', '19:00:00', '19:30:00', 5, 6),
(648, '2020-11-25', '21:00:00', '21:30:00', 9, 95),
(649, '2020-11-25', '19:30:00', '20:30:00', 2, 45),
(650, '2020-11-25', '09:30:00', '17:30:00', 12, 86),
(651, '2020-11-25', '11:00:00', '20:00:00', 11, 38),
(652, '2020-11-25', '10:00:00', '14:30:00', 1, 58),
(653, '2020-11-25', '20:00:00', '20:30:00', 10, 39),
(654, '2020-11-25', '13:30:00', '17:00:00', 5, 99),
(655, '2020-11-25', '13:30:00', '16:30:00', 6, 20),
(656, '2020-11-25', '09:30:00', '10:30:00', 4, 26),
(657, '2020-11-25', '20:30:00', '21:00:00', 1, 2),
(658, '2020-11-25', '12:00:00', '13:30:00', 3, 99),
(659, '2020-11-25', '18:00:00', '18:30:00', 2, 22),
(660, '2020-11-25', '14:30:00', '17:30:00', 8, 55),
(661, '2020-11-25', '14:00:00', '20:00:00', 7, 44),
(662, '2020-11-25', '13:30:00', '17:30:00', 10, 70),
(663, '2020-11-25', '16:30:00', '20:00:00', 1, 81),
(664, '2020-11-25', '09:30:00', '17:30:00', 13, 81),
(665, '2020-11-25', '15:00:00', '21:00:00', 4, 97),
(666, '2020-11-25', '09:00:00', '11:30:00', 7, 37),
(667, '2020-11-25', '13:00:00', '15:30:00', 14, 57),
(668, '2020-11-25', '09:30:00', '11:00:00', 9, 17),
(669, '2020-11-25', '19:30:00', '20:00:00', 6, 88),
(670, '2020-11-25', '21:00:00', '21:30:00', 5, 34),
(671, '2020-11-25', '21:00:00', '21:30:00', 10, 81),
(672, '2020-11-25', '17:30:00', '20:30:00', 9, 43),
(673, '2020-11-25', '20:30:00', '21:00:00', 14, 100),
(674, '2020-11-25', '18:30:00', '19:30:00', 8, 27),
(675, '2020-11-25', '17:00:00', '19:30:00', 3, 47),
(676, '2020-11-25', '18:00:00', '21:00:00', 12, 52),
(677, '2020-11-25', '13:00:00', '15:00:00', 9, 7),
(678, '2020-11-25', '17:00:00', '17:30:00', 14, 39),
(679, '2020-11-25', '16:30:00', '17:30:00', 2, 36),
(680, '2020-11-26', '18:30:00', '20:30:00', 7, 21),
(681, '2020-11-26', '09:00:00', '20:30:00', 12, 57),
(682, '2020-11-26', '17:00:00', '18:30:00', 9, 50),
(683, '2020-11-26', '11:30:00', '12:00:00', 8, 73),
(684, '2020-11-26', '19:00:00', '20:00:00', 3, 60),
(685, '2020-11-26', '10:30:00', '16:30:00', 4, 83),
(686, '2020-11-26', '20:00:00', '21:00:00', 10, 27),
(687, '2020-11-26', '14:00:00', '19:30:00', 1, 40),
(688, '2020-11-26', '11:00:00', '18:00:00', 2, 87),
(689, '2020-11-26', '16:30:00', '17:30:00', 3, 81),
(690, '2020-11-26', '17:00:00', '18:00:00', 10, 7),
(691, '2020-11-26', '09:00:00', '18:00:00', 5, 40),
(692, '2020-11-26', '15:30:00', '20:00:00', 6, 79),
(693, '2020-11-26', '18:30:00', '21:00:00', 4, 7),
(694, '2020-11-26', '11:30:00', '14:30:00', 11, 64),
(695, '2020-11-26', '12:00:00', '14:30:00', 10, 4),
(696, '2020-11-26', '18:00:00', '18:30:00', 14, 37),
(697, '2020-11-26', '13:30:00', '14:00:00', 6, 73),
(698, '2020-11-26', '20:00:00', '21:00:00', 5, 58),
(699, '2020-11-26', '20:30:00', '21:00:00', 1, 96),
(700, '2020-11-26', '10:00:00', '14:00:00', 14, 33),
(701, '2020-11-26', '21:00:00', '21:30:00', 6, 64),
(702, '2020-11-26', '09:30:00', '10:30:00', 1, 78),
(703, '2020-11-26', '14:00:00', '17:00:00', 7, 44),
(704, '2020-11-26', '13:00:00', '16:30:00', 13, 51),
(705, '2020-11-26', '17:30:00', '18:00:00', 13, 54),
(706, '2020-11-26', '10:00:00', '12:00:00', 3, 31),
(707, '2020-11-26', '15:00:00', '19:00:00', 11, 11),
(708, '2020-11-26', '15:00:00', '20:30:00', 8, 100),
(709, '2020-11-26', '18:30:00', '20:30:00', 13, 87),
(710, '2020-11-28', '09:30:00', '11:00:00', 4, 26),
(711, '2020-11-28', '18:30:00', '20:30:00', 13, 90),
(712, '2020-11-28', '16:00:00', '19:30:00', 7, 87),
(713, '2020-11-28', '15:30:00', '17:00:00', 13, 83),
(714, '2020-11-28', '13:30:00', '16:00:00', 6, 83),
(715, '2020-11-28', '19:30:00', '20:30:00', 10, 8),
(716, '2020-11-28', '15:00:00', '21:00:00', 8, 88),
(717, '2020-11-28', '09:30:00', '11:30:00', 12, 84),
(718, '2020-11-28', '20:00:00', '21:00:00', 6, 71),
(719, '2020-11-28', '14:00:00', '15:30:00', 14, 33),
(720, '2020-11-28', '14:00:00', '15:30:00', 11, 86),
(721, '2020-11-28', '14:30:00', '19:00:00', 5, 16),
(722, '2020-11-28', '12:30:00', '14:30:00', 12, 100),
(723, '2020-11-28', '09:00:00', '11:30:00', 13, 9),
(724, '2020-11-28', '20:30:00', '21:00:00', 4, 25),
(725, '2020-11-28', '17:00:00', '19:00:00', 2, 90),
(726, '2020-11-28', '16:00:00', '20:00:00', 1, 88),
(727, '2020-11-28', '12:00:00', '15:30:00', 7, 53),
(728, '2020-11-28', '15:30:00', '20:00:00', 12, 83),
(729, '2020-11-28', '17:30:00', '20:00:00', 4, 43),
(730, '2020-11-28', '16:30:00', '21:00:00', 11, 5),
(731, '2020-11-28', '09:30:00', '16:00:00', 3, 30),
(732, '2020-11-28', '20:30:00', '21:00:00', 9, 23),
(733, '2020-11-28', '17:00:00', '19:30:00', 14, 43),
(734, '2020-11-28', '15:00:00', '15:30:00', 10, 47),
(735, '2020-11-28', '20:00:00', '20:30:00', 7, 15),
(736, '2020-11-28', '18:30:00', '19:00:00', 9, 43),
(737, '2020-11-28', '10:00:00', '14:00:00', 5, 78),
(738, '2020-11-28', '19:00:00', '20:00:00', 3, 63),
(739, '2020-11-28', '14:30:00', '15:00:00', 13, 69),
(740, '2020-11-29', '20:30:00', '21:00:00', 6, 35),
(741, '2020-11-29', '20:00:00', '21:00:00', 7, 3),
(742, '2020-11-29', '10:00:00', '11:00:00', 1, 34),
(743, '2020-11-29', '14:30:00', '21:00:00', 9, 40),
(744, '2020-11-29', '11:00:00', '15:00:00', 8, 94),
(745, '2020-11-29', '18:00:00', '19:00:00', 12, 2),
(746, '2020-11-29', '21:00:00', '21:30:00', 13, 34),
(747, '2020-11-29', '11:00:00', '14:30:00', 4, 47),
(748, '2020-11-29', '14:00:00', '20:00:00', 13, 30),
(749, '2020-11-29', '18:30:00', '20:30:00', 14, 45),
(750, '2020-11-29', '12:00:00', '16:30:00', 7, 86),
(751, '2020-11-29', '18:30:00', '19:30:00', 3, 75),
(752, '2020-11-29', '10:30:00', '11:00:00', 13, 7),
(753, '2020-11-29', '17:00:00', '18:30:00', 6, 87),
(754, '2020-11-29', '20:30:00', '21:00:00', 3, 20),
(755, '2020-11-29', '14:30:00', '18:00:00', 3, 40),
(756, '2020-11-29', '09:00:00', '12:30:00', 14, 97),
(757, '2020-11-29', '16:30:00', '17:00:00', 14, 57),
(758, '2020-11-29', '19:30:00', '20:30:00', 8, 63),
(759, '2020-11-29', '21:00:00', '21:30:00', 14, 88),
(760, '2020-11-29', '15:00:00', '15:30:00', 14, 14),
(761, '2020-11-29', '11:00:00', '17:30:00', 10, 97),
(762, '2020-11-29', '16:30:00', '20:30:00', 4, 12),
(763, '2020-11-29', '13:00:00', '20:30:00', 5, 15),
(764, '2020-11-29', '18:30:00', '19:00:00', 2, 5),
(765, '2020-11-29', '09:00:00', '11:30:00', 6, 42),
(766, '2020-11-29', '10:00:00', '12:30:00', 11, 61),
(767, '2020-11-29', '14:30:00', '18:00:00', 2, 52),
(768, '2020-11-29', '13:00:00', '15:00:00', 6, 3),
(769, '2020-11-29', '20:30:00', '21:00:00', 2, 11),
(770, '2020-11-29', '13:00:00', '18:30:00', 1, 89),
(771, '2020-11-29', '15:00:00', '16:30:00', 12, 69),
(772, '2020-11-30', '21:00:00', '21:30:00', 8, 23),
(773, '2020-11-30', '10:30:00', '19:00:00', 5, 88),
(774, '2020-11-30', '18:30:00', '19:30:00', 1, 96),
(775, '2020-11-30', '15:00:00', '19:00:00', 8, 96),
(776, '2020-11-30', '17:30:00', '18:00:00', 6, 86),
(777, '2020-11-30', '21:00:00', '21:30:00', 14, 11),
(778, '2020-11-30', '10:30:00', '14:00:00', 2, 41),
(779, '2020-11-30', '09:00:00', '17:00:00', 3, 62),
(780, '2020-11-30', '18:00:00', '19:30:00', 4, 23),
(781, '2020-11-30', '09:00:00', '11:30:00', 11, 78),
(782, '2020-11-30', '15:00:00', '16:30:00', 10, 19),
(783, '2020-11-30', '16:30:00', '19:30:00', 11, 6),
(784, '2020-11-30', '10:00:00', '15:30:00', 7, 10),
(785, '2020-11-30', '21:00:00', '21:30:00', 10, 71),
(786, '2020-11-30', '13:30:00', '20:30:00', 13, 62),
(787, '2020-11-30', '21:00:00', '21:30:00', 1, 50),
(788, '2020-11-30', '11:30:00', '12:00:00', 10, 60),
(789, '2020-11-30', '17:30:00', '18:00:00', 12, 5),
(790, '2020-11-30', '14:00:00', '17:00:00', 4, 99),
(791, '2020-11-30', '09:30:00', '15:30:00', 6, 80),
(792, '2020-11-30', '20:30:00', '21:00:00', 2, 83),
(793, '2020-11-30', '19:00:00', '20:30:00', 9, 69),
(794, '2020-11-30', '11:00:00', '12:00:00', 13, 100),
(795, '2020-11-30', '11:00:00', '11:30:00', 9, 68),
(796, '2020-11-30', '17:00:00', '19:30:00', 7, 36),
(797, '2020-11-30', '21:00:00', '21:30:00', 4, 32),
(798, '2020-11-30', '17:30:00', '20:30:00', 14, 5),
(799, '2020-11-30', '11:00:00', '16:30:00', 1, 15),
(800, '2020-11-30', '14:30:00', '16:30:00', 14, 18),
(801, '2020-11-30', '14:00:00', '18:30:00', 9, 9),
(802, '2020-12-01', '13:30:00', '16:30:00', 1, 41),
(803, '2020-12-01', '13:00:00', '15:00:00', 6, 47),
(804, '2020-12-01', '16:30:00', '20:00:00', 13, 89),
(805, '2020-12-01', '20:30:00', '21:00:00', 9, 50),
(806, '2020-12-01', '09:00:00', '12:30:00', 5, 72),
(807, '2020-12-01', '09:30:00', '15:00:00', 14, 10),
(808, '2020-12-01', '12:30:00', '21:00:00', 10, 31),
(809, '2020-12-01', '20:00:00', '20:30:00', 8, 7),
(810, '2020-12-01', '20:30:00', '21:00:00', 13, 42),
(811, '2020-12-01', '19:00:00', '21:00:00', 12, 50),
(812, '2020-12-01', '11:00:00', '13:30:00', 4, 20),
(813, '2020-12-01', '17:00:00', '18:30:00', 3, 23),
(814, '2020-12-01', '15:00:00', '19:00:00', 11, 20),
(815, '2020-12-01', '11:30:00', '13:00:00', 2, 54),
(816, '2020-12-01', '15:30:00', '16:00:00', 5, 19),
(817, '2020-12-01', '21:00:00', '21:30:00', 3, 19),
(818, '2020-12-01', '14:30:00', '16:00:00', 12, 78),
(819, '2020-12-01', '18:30:00', '20:00:00', 5, 7),
(820, '2020-12-01', '15:00:00', '17:00:00', 7, 68),
(821, '2020-12-01', '11:30:00', '12:30:00', 13, 44),
(822, '2020-12-01', '18:00:00', '18:30:00', 14, 6),
(823, '2020-12-01', '16:00:00', '21:00:00', 6, 58),
(824, '2020-12-01', '11:30:00', '12:00:00', 7, 71),
(825, '2020-12-01', '10:00:00', '12:00:00', 12, 36),
(826, '2020-12-01', '20:00:00', '20:30:00', 7, 48),
(827, '2020-12-01', '09:00:00', '10:00:00', 6, 87),
(828, '2020-12-01', '17:30:00', '19:30:00', 9, 25),
(829, '2020-12-01', '20:00:00', '21:00:00', 2, 46),
(830, '2020-12-01', '20:30:00', '21:00:00', 14, 29),
(831, '2020-12-01', '19:30:00', '20:30:00', 3, 57),
(832, '2020-12-01', '10:30:00', '12:00:00', 9, 7),
(833, '2020-12-02', '15:00:00', '21:00:00', 5, 44),
(834, '2020-12-02', '10:00:00', '10:30:00', 8, 11),
(835, '2020-12-02', '15:30:00', '20:30:00', 6, 12),
(836, '2020-12-02', '11:30:00', '15:30:00', 12, 84),
(837, '2020-12-02', '13:00:00', '17:00:00', 1, 18),
(838, '2020-12-02', '20:00:00', '20:30:00', 14, 11),
(839, '2020-12-02', '18:00:00', '19:30:00', 12, 8),
(840, '2020-12-02', '17:00:00', '17:30:00', 11, 38),
(841, '2020-12-02', '10:00:00', '15:30:00', 10, 30),
(842, '2020-12-02', '12:30:00', '16:00:00', 8, 4),
(843, '2020-12-02', '19:00:00', '21:00:00', 3, 35),
(844, '2020-12-02', '13:00:00', '17:30:00', 4, 21),
(845, '2020-12-02', '20:00:00', '20:30:00', 9, 20),
(846, '2020-12-02', '10:00:00', '11:00:00', 13, 5),
(847, '2020-12-02', '20:30:00', '21:00:00', 4, 8),
(848, '2020-12-02', '20:00:00', '20:30:00', 12, 53),
(849, '2020-12-02', '21:00:00', '21:30:00', 14, 75),
(850, '2020-12-02', '10:00:00', '11:30:00', 5, 56),
(851, '2020-12-02', '20:00:00', '21:00:00', 2, 72),
(852, '2020-12-02', '16:30:00', '20:00:00', 10, 67),
(853, '2020-12-02', '20:30:00', '21:00:00', 8, 83),
(854, '2020-12-02', '11:30:00', '14:30:00', 3, 94),
(855, '2020-12-02', '11:00:00', '16:30:00', 2, 33),
(856, '2020-12-02', '09:00:00', '11:00:00', 4, 67),
(857, '2020-12-02', '12:30:00', '18:00:00', 13, 84),
(858, '2020-12-02', '11:00:00', '12:00:00', 6, 97),
(859, '2020-12-02', '09:30:00', '10:00:00', 2, 94),
(860, '2020-12-02', '11:00:00', '17:00:00', 9, 35),
(861, '2020-12-02', '19:30:00', '20:30:00', 13, 60),
(862, '2020-12-02', '19:30:00', '21:00:00', 7, 71),
(863, '2020-12-02', '19:00:00', '21:00:00', 1, 29),
(864, '2020-12-02', '21:00:00', '21:30:00', 12, 27),
(865, '2020-12-02', '10:00:00', '14:00:00', 14, 76),
(866, '2020-12-03', '15:30:00', '19:00:00', 13, 10),
(867, '2020-12-03', '10:30:00', '19:30:00', 10, 6),
(868, '2020-12-03', '19:30:00', '20:00:00', 9, 6),
(869, '2020-12-03', '16:00:00', '20:30:00', 5, 73),
(870, '2020-12-03', '12:00:00', '15:30:00', 3, 34),
(871, '2020-12-03', '16:00:00', '17:00:00', 3, 12),
(872, '2020-12-03', '21:00:00', '21:30:00', 5, 27),
(873, '2020-12-03', '15:00:00', '16:30:00', 1, 84),
(874, '2020-12-03', '19:00:00', '21:00:00', 14, 97),
(875, '2020-12-03', '18:00:00', '18:30:00', 9, 61),
(876, '2020-12-03', '15:30:00', '20:30:00', 12, 100),
(877, '2020-12-03', '12:00:00', '15:00:00', 12, 2),
(878, '2020-12-03', '14:30:00', '15:30:00', 7, 99),
(879, '2020-12-03', '20:00:00', '20:30:00', 6, 78),
(880, '2020-12-03', '14:30:00', '18:30:00', 4, 45),
(881, '2020-12-03', '14:00:00', '20:00:00', 8, 90),
(882, '2020-12-03', '21:00:00', '21:30:00', 4, 85),
(883, '2020-12-03', '21:00:00', '21:30:00', 13, 42),
(884, '2020-12-03', '12:30:00', '14:30:00', 11, 28),
(885, '2020-12-03', '10:30:00', '13:00:00', 8, 64),
(886, '2020-12-03', '14:00:00', '17:00:00', 14, 81),
(887, '2020-12-03', '20:00:00', '20:30:00', 3, 11),
(888, '2020-12-03', '11:00:00', '13:00:00', 9, 2),
(889, '2020-12-03', '15:30:00', '19:30:00', 11, 72),
(890, '2020-12-03', '14:00:00', '20:00:00', 2, 51),
(891, '2020-12-03', '21:00:00', '21:30:00', 8, 82),
(892, '2020-12-03', '15:30:00', '18:30:00', 6, 28),
(893, '2020-12-03', '09:00:00', '09:30:00', 1, 2),
(894, '2020-12-03', '09:00:00', '12:00:00', 6, 13),
(895, '2020-12-03', '20:00:00', '20:30:00', 7, 87),
(896, '2020-12-03', '20:30:00', '21:00:00', 1, 69),
(897, '2020-12-05', '11:30:00', '13:00:00', 4, 8),
(898, '2020-12-05', '17:00:00', '18:00:00', 1, 54),
(899, '2020-12-05', '11:00:00', '13:30:00', 14, 44),
(900, '2020-12-05', '16:30:00', '20:30:00', 12, 87),
(901, '2020-12-05', '10:00:00', '17:30:00', 3, 96),
(902, '2020-12-05', '21:00:00', '21:30:00', 9, 7),
(903, '2020-12-05', '16:30:00', '21:00:00', 5, 22),
(904, '2020-12-05', '17:30:00', '18:00:00', 6, 52),
(905, '2020-12-05', '13:00:00', '13:30:00', 8, 44),
(906, '2020-12-05', '12:30:00', '20:00:00', 13, 48),
(907, '2020-12-05', '21:00:00', '21:30:00', 14, 98),
(908, '2020-12-05', '10:30:00', '11:00:00', 11, 60),
(909, '2020-12-05', '14:00:00', '14:30:00', 2, 32),
(910, '2020-12-05', '10:30:00', '19:30:00', 7, 48),
(911, '2020-12-05', '20:00:00', '21:00:00', 3, 100),
(912, '2020-12-05', '18:30:00', '20:00:00', 8, 8),
(913, '2020-12-05', '15:00:00', '17:00:00', 9, 77),
(914, '2020-12-05', '13:30:00', '16:30:00', 6, 38),
(915, '2020-12-05', '16:30:00', '17:30:00', 8, 11),
(916, '2020-12-05', '09:30:00', '11:00:00', 12, 70),
(917, '2020-12-05', '15:00:00', '17:00:00', 14, 3),
(918, '2020-12-05', '19:00:00', '21:00:00', 6, 80),
(919, '2020-12-05', '10:30:00', '13:30:00', 10, 61),
(920, '2020-12-05', '15:30:00', '19:00:00', 10, 64),
(921, '2020-12-05', '21:00:00', '21:30:00', 12, 16),
(922, '2020-12-05', '20:00:00', '21:00:00', 11, 100),
(923, '2020-12-05', '20:00:00', '21:00:00', 7, 52),
(924, '2020-12-05', '11:30:00', '12:00:00', 2, 26),
(925, '2020-12-05', '19:30:00', '21:00:00', 10, 60),
(926, '2020-12-05', '18:30:00', '20:00:00', 2, 72),
(927, '2020-12-05', '14:00:00', '14:30:00', 11, 54),
(928, '2020-12-06', '10:00:00', '18:00:00', 7, 95),
(929, '2020-12-06', '19:00:00', '21:00:00', 12, 34),
(930, '2020-12-06', '10:30:00', '20:00:00', 3, 4),
(931, '2020-12-06', '10:30:00', '12:30:00', 13, 4),
(932, '2020-12-06', '18:00:00', '20:30:00', 2, 40),
(933, '2020-12-06', '12:00:00', '17:00:00', 11, 91),
(934, '2020-12-06', '12:00:00', '12:30:00', 5, 17),
(935, '2020-12-06', '16:00:00', '21:00:00', 10, 53),
(936, '2020-12-06', '16:00:00', '18:30:00', 6, 18),
(937, '2020-12-06', '14:00:00', '16:00:00', 8, 59),
(938, '2020-12-06', '13:00:00', '20:00:00', 9, 28),
(939, '2020-12-06', '14:00:00', '15:30:00', 10, 34),
(940, '2020-12-06', '11:30:00', '16:30:00', 12, 98),
(941, '2020-12-06', '14:00:00', '17:30:00', 14, 50),
(942, '2020-12-06', '21:00:00', '21:30:00', 4, 41),
(943, '2020-12-06', '19:30:00', '20:00:00', 4, 14),
(944, '2020-12-06', '14:30:00', '19:00:00', 13, 80),
(945, '2020-12-06', '16:30:00', '19:00:00', 1, 90),
(946, '2020-12-06', '09:30:00', '15:00:00', 4, 25),
(947, '2020-12-06', '11:30:00', '12:30:00', 2, 91),
(948, '2020-12-06', '21:00:00', '21:30:00', 1, 89),
(949, '2020-12-06', '13:00:00', '15:00:00', 6, 74),
(950, '2020-12-06', '18:00:00', '18:30:00', 14, 40),
(951, '2020-12-06', '20:00:00', '21:00:00', 6, 20),
(952, '2020-12-06', '10:30:00', '14:30:00', 1, 2),
(953, '2020-12-06', '18:00:00', '21:00:00', 5, 85),
(954, '2020-12-06', '16:30:00', '19:00:00', 4, 42),
(955, '2020-12-06', '10:00:00', '12:00:00', 14, 87),
(956, '2020-12-06', '13:30:00', '16:00:00', 2, 54),
(957, '2020-12-07', '10:00:00', '20:30:00', 8, 100),
(958, '2020-12-07', '10:00:00', '17:30:00', 1, 69),
(959, '2020-12-07', '16:30:00', '17:30:00', 10, 41),
(960, '2020-12-07', '11:00:00', '20:00:00', 14, 26),
(961, '2020-12-07', '15:00:00', '16:30:00', 2, 68),
(962, '2020-12-07', '12:30:00', '20:30:00', 9, 50),
(963, '2020-12-07', '15:00:00', '21:00:00', 13, 13),
(964, '2020-12-07', '11:00:00', '19:00:00', 5, 41),
(965, '2020-12-07', '11:30:00', '18:30:00', 6, 76),
(966, '2020-12-07', '20:30:00', '21:00:00', 6, 12),
(967, '2020-12-07', '12:30:00', '13:30:00', 12, 98),
(968, '2020-12-07', '09:00:00', '10:30:00', 3, 70),
(969, '2020-12-07', '20:00:00', '20:30:00', 5, 51),
(970, '2020-12-07', '10:30:00', '11:30:00', 7, 48),
(971, '2020-12-07', '15:30:00', '21:00:00', 7, 34),
(972, '2020-12-07', '09:30:00', '19:30:00', 4, 77),
(973, '2020-12-07', '21:00:00', '21:30:00', 3, 77),
(974, '2020-12-07', '20:00:00', '20:30:00', 1, 60),
(975, '2020-12-07', '19:00:00', '20:30:00', 12, 69),
(976, '2020-12-07', '10:30:00', '13:00:00', 2, 37),
(977, '2020-12-07', '14:30:00', '17:30:00', 12, 54),
(978, '2020-12-07', '11:30:00', '12:00:00', 10, 46),
(979, '2020-12-07', '19:00:00', '20:30:00', 10, 98),
(980, '2020-12-07', '12:00:00', '20:00:00', 11, 1),
(981, '2020-12-07', '15:00:00', '20:00:00', 3, 69),
(982, '2020-12-07', '09:00:00', '09:30:00', 14, 66),
(983, '2020-12-07', '18:00:00', '20:30:00', 2, 19),
(984, '2020-12-07', '13:00:00', '13:30:00', 3, 27),
(985, '2020-12-07', '20:30:00', '21:00:00', 14, 54),
(986, '2020-12-07', '21:00:00', '21:30:00', 12, 63),
(987, '2020-12-08', '11:00:00', '20:00:00', 2, 46),
(988, '2020-12-08', '19:00:00', '20:30:00', 7, 55),
(989, '2020-12-08', '11:30:00', '18:30:00', 14, 88),
(990, '2020-12-08', '21:00:00', '21:30:00', 9, 90),
(991, '2020-12-08', '18:00:00', '21:00:00', 11, 73),
(992, '2020-12-08', '10:30:00', '12:30:00', 8, 97),
(993, '2020-12-08', '19:00:00', '21:00:00', 14, 5),
(994, '2020-12-08', '17:30:00', '19:30:00', 8, 11);
INSERT INTO `reserver` (`id`, `date`, `heureDebut`, `heureFin`, `salle_id`, `ligue_id`) VALUES
(995, '2020-12-08', '10:30:00', '17:30:00', 5, 100),
(996, '2020-12-08', '13:30:00', '20:30:00', 6, 33),
(997, '2020-12-08', '09:30:00', '18:00:00', 3, 24),
(998, '2020-12-08', '21:00:00', '21:30:00', 10, 34),
(999, '2020-12-08', '12:30:00', '16:30:00', 7, 21),
(1000, '2020-12-08', '09:30:00', '11:00:00', 12, 82),
(1001, '2020-12-08', '21:00:00', '21:30:00', 8, 76),
(1002, '2020-12-08', '20:30:00', '21:00:00', 13, 86),
(1003, '2020-12-08', '12:30:00', '14:30:00', 9, 59),
(1004, '2020-12-08', '21:00:00', '21:30:00', 1, 18),
(1005, '2020-12-08', '20:30:00', '21:00:00', 4, 92),
(1006, '2020-12-08', '18:30:00', '19:30:00', 4, 67),
(1007, '2020-12-08', '10:00:00', '12:30:00', 6, 90),
(1008, '2020-12-08', '14:00:00', '17:30:00', 1, 99),
(1009, '2020-12-08', '12:00:00', '12:30:00', 4, 77),
(1010, '2020-12-08', '19:30:00', '21:00:00', 12, 33),
(1011, '2020-12-08', '13:30:00', '20:30:00', 10, 32),
(1012, '2020-12-08', '15:00:00', '19:00:00', 13, 38),
(1013, '2020-12-08', '20:00:00', '20:30:00', 3, 47),
(1014, '2020-12-08', '13:00:00', '14:00:00', 4, 1),
(1015, '2020-12-08', '12:00:00', '16:30:00', 12, 45),
(1016, '2020-12-08', '12:30:00', '14:30:00', 13, 63),
(1017, '2020-12-08', '10:00:00', '11:00:00', 9, 86),
(1018, '2020-12-09', '10:00:00', '16:00:00', 9, 93),
(1019, '2020-12-09', '19:30:00', '21:00:00', 3, 21),
(1020, '2020-12-09', '19:00:00', '19:30:00', 5, 99),
(1021, '2020-12-09', '17:00:00', '17:30:00', 13, 64),
(1022, '2020-12-09', '18:00:00', '20:00:00', 4, 20),
(1023, '2020-12-09', '16:00:00', '18:00:00', 1, 3),
(1024, '2020-12-09', '12:00:00', '16:30:00', 5, 16),
(1025, '2020-12-09', '13:00:00', '19:30:00', 6, 79),
(1026, '2020-12-09', '12:30:00', '18:30:00', 3, 5),
(1027, '2020-12-09', '14:30:00', '16:30:00', 4, 36),
(1028, '2020-12-09', '12:00:00', '15:30:00', 13, 56),
(1029, '2020-12-09', '20:30:00', '21:00:00', 4, 94),
(1030, '2020-12-09', '15:00:00', '19:00:00', 14, 17),
(1031, '2020-12-09', '19:30:00', '21:00:00', 9, 19),
(1032, '2020-12-09', '10:30:00', '13:00:00', 1, 88),
(1033, '2020-12-09', '18:30:00', '20:00:00', 11, 83),
(1034, '2020-12-09', '16:00:00', '17:00:00', 7, 4),
(1035, '2020-12-09', '19:30:00', '21:00:00', 14, 34),
(1036, '2020-12-09', '10:30:00', '13:00:00', 12, 5),
(1037, '2020-12-09', '09:00:00', '14:00:00', 8, 90),
(1038, '2020-12-09', '21:00:00', '21:30:00', 8, 97),
(1039, '2020-12-09', '19:30:00', '21:00:00', 13, 18),
(1040, '2020-12-09', '20:00:00', '20:30:00', 2, 100),
(1041, '2020-12-09', '17:30:00', '21:00:00', 7, 89),
(1042, '2020-12-09', '18:00:00', '19:00:00', 2, 31),
(1043, '2020-12-09', '19:00:00', '20:00:00', 10, 41),
(1044, '2020-12-09', '20:30:00', '21:00:00', 1, 82),
(1045, '2020-12-09', '10:00:00', '10:30:00', 5, 75),
(1046, '2020-12-09', '17:00:00', '18:30:00', 12, 75),
(1047, '2020-12-09', '09:30:00', '11:30:00', 4, 92),
(1048, '2020-12-10', '09:30:00', '16:30:00', 4, 83),
(1049, '2020-12-10', '14:30:00', '15:30:00', 7, 38),
(1050, '2020-12-10', '19:30:00', '21:00:00', 5, 79),
(1051, '2020-12-10', '13:30:00', '16:30:00', 13, 38),
(1052, '2020-12-10', '20:30:00', '21:00:00', 13, 4),
(1053, '2020-12-10', '19:00:00', '19:30:00', 2, 56),
(1054, '2020-12-10', '19:00:00', '20:00:00', 14, 14),
(1055, '2020-12-10', '12:30:00', '16:00:00', 6, 35),
(1056, '2020-12-10', '21:00:00', '21:30:00', 6, 63),
(1057, '2020-12-10', '12:00:00', '12:30:00', 2, 87),
(1058, '2020-12-10', '18:30:00', '21:00:00', 9, 83),
(1059, '2020-12-10', '18:00:00', '20:30:00', 1, 86),
(1060, '2020-12-10', '11:30:00', '13:30:00', 3, 43),
(1061, '2020-12-10', '13:30:00', '14:00:00', 9, 59),
(1062, '2020-12-10', '09:30:00', '15:00:00', 11, 75),
(1063, '2020-12-10', '21:00:00', '21:30:00', 11, 6),
(1064, '2020-12-10', '18:00:00', '21:00:00', 12, 39),
(1065, '2020-12-10', '12:00:00', '13:00:00', 1, 70),
(1066, '2020-12-10', '20:00:00', '21:00:00', 2, 7),
(1067, '2020-12-10', '17:00:00', '18:00:00', 10, 54),
(1068, '2020-12-10', '20:30:00', '21:00:00', 10, 44),
(1069, '2020-12-10', '18:00:00', '20:30:00', 7, 92),
(1070, '2020-12-10', '12:30:00', '14:30:00', 12, 62),
(1071, '2020-12-10', '19:30:00', '21:00:00', 8, 82),
(1072, '2020-12-10', '14:30:00', '15:30:00', 5, 12),
(1073, '2020-12-10', '17:00:00', '17:30:00', 13, 53),
(1074, '2020-12-10', '12:00:00', '13:30:00', 5, 75),
(1075, '2020-12-10', '17:00:00', '18:30:00', 2, 23),
(1076, '2020-12-10', '17:30:00', '18:30:00', 14, 75),
(1077, '2020-12-12', '12:30:00', '20:00:00', 1, 66),
(1078, '2020-12-12', '11:30:00', '17:00:00', 2, 57),
(1079, '2020-12-12', '12:30:00', '19:30:00', 8, 40),
(1080, '2020-12-12', '20:30:00', '21:00:00', 6, 86),
(1081, '2020-12-12', '19:30:00', '21:00:00', 9, 26),
(1082, '2020-12-12', '17:00:00', '19:30:00', 14, 11),
(1083, '2020-12-12', '13:00:00', '17:30:00', 11, 72),
(1084, '2020-12-12', '21:00:00', '21:30:00', 4, 86),
(1085, '2020-12-12', '17:00:00', '18:30:00', 9, 78),
(1086, '2020-12-12', '09:00:00', '17:00:00', 6, 3),
(1087, '2020-12-12', '18:30:00', '20:30:00', 7, 13),
(1088, '2020-12-12', '21:00:00', '21:30:00', 5, 39),
(1089, '2020-12-12', '19:30:00', '20:00:00', 12, 6),
(1090, '2020-12-12', '10:30:00', '19:30:00', 3, 26),
(1091, '2020-12-12', '18:30:00', '20:30:00', 2, 53),
(1092, '2020-12-12', '13:00:00', '16:00:00', 5, 88),
(1093, '2020-12-12', '19:00:00', '19:30:00', 4, 60),
(1094, '2020-12-12', '11:30:00', '12:30:00', 14, 88),
(1095, '2020-12-12', '19:30:00', '20:30:00', 13, 6),
(1096, '2020-12-12', '10:00:00', '12:00:00', 7, 58),
(1097, '2020-12-12', '15:30:00', '18:00:00', 12, 73),
(1098, '2020-12-12', '21:00:00', '21:30:00', 3, 5),
(1099, '2020-12-12', '21:00:00', '21:30:00', 12, 18),
(1100, '2020-12-12', '12:30:00', '15:00:00', 9, 71),
(1101, '2020-12-12', '10:30:00', '16:30:00', 4, 13),
(1102, '2020-12-12', '09:30:00', '13:00:00', 13, 76),
(1103, '2020-12-12', '16:00:00', '17:30:00', 10, 7),
(1104, '2020-12-12', '13:30:00', '14:30:00', 7, 82),
(1105, '2020-12-12', '09:00:00', '12:00:00', 12, 63),
(1106, '2020-12-13', '19:30:00', '21:00:00', 2, 16),
(1107, '2020-12-13', '13:30:00', '16:30:00', 10, 72),
(1108, '2020-12-13', '14:00:00', '17:00:00', 9, 20),
(1109, '2020-12-13', '11:00:00', '20:00:00', 4, 98),
(1110, '2020-12-13', '17:30:00', '19:00:00', 7, 86),
(1111, '2020-12-13', '12:00:00', '13:30:00', 3, 93),
(1112, '2020-12-13', '12:30:00', '18:00:00', 8, 16),
(1113, '2020-12-13', '11:30:00', '21:00:00', 1, 51),
(1114, '2020-12-13', '19:00:00', '20:30:00', 3, 20),
(1115, '2020-12-13', '20:30:00', '21:00:00', 9, 80),
(1116, '2020-12-13', '14:30:00', '19:00:00', 11, 12),
(1117, '2020-12-13', '16:30:00', '17:00:00', 12, 61),
(1118, '2020-12-13', '09:00:00', '10:30:00', 12, 91),
(1119, '2020-12-13', '09:00:00', '20:00:00', 5, 22),
(1120, '2020-12-13', '20:30:00', '21:00:00', 13, 85),
(1121, '2020-12-13', '12:30:00', '18:00:00', 2, 46),
(1122, '2020-12-13', '13:00:00', '19:30:00', 6, 10),
(1123, '2020-12-13', '20:00:00', '20:30:00', 10, 22),
(1124, '2020-12-13', '20:30:00', '21:00:00', 4, 95),
(1125, '2020-12-13', '09:00:00', '18:00:00', 14, 13),
(1126, '2020-12-13', '10:30:00', '12:30:00', 7, 27),
(1127, '2020-12-13', '11:00:00', '13:00:00', 10, 93),
(1128, '2020-12-13', '18:30:00', '19:00:00', 14, 26),
(1129, '2020-12-13', '15:30:00', '18:30:00', 13, 80),
(1130, '2020-12-13', '09:30:00', '10:30:00', 9, 90),
(1131, '2020-12-13', '17:00:00', '18:30:00', 3, 72),
(1132, '2020-12-13', '20:00:00', '20:30:00', 14, 51),
(1133, '2020-12-13', '19:30:00', '20:30:00', 12, 82),
(1134, '2020-12-13', '09:30:00', '11:00:00', 2, 32),
(1135, '2020-12-13', '19:30:00', '20:30:00', 7, 38),
(1136, '2020-12-13', '18:30:00', '21:00:00', 8, 9),
(1137, '2020-12-14', '14:30:00', '16:30:00', 8, 60),
(1138, '2020-12-14', '19:30:00', '20:00:00', 6, 53),
(1139, '2020-12-14', '15:00:00', '20:00:00', 1, 28),
(1140, '2020-12-14', '11:00:00', '19:00:00', 7, 43),
(1141, '2020-12-14', '16:00:00', '17:30:00', 12, 65),
(1142, '2020-12-14', '10:00:00', '10:30:00', 3, 47),
(1143, '2020-12-14', '13:30:00', '17:30:00', 13, 87),
(1144, '2020-12-14', '18:30:00', '20:00:00', 9, 39),
(1145, '2020-12-14', '15:00:00', '21:00:00', 14, 7),
(1146, '2020-12-14', '10:00:00', '15:00:00', 10, 34),
(1147, '2020-12-14', '17:00:00', '21:00:00', 11, 50),
(1148, '2020-12-14', '14:00:00', '21:00:00', 3, 53),
(1149, '2020-12-14', '19:00:00', '21:00:00', 8, 96),
(1150, '2020-12-14', '12:00:00', '21:00:00', 5, 40),
(1151, '2020-12-14', '14:00:00', '19:30:00', 2, 5),
(1152, '2020-12-14', '19:30:00', '20:00:00', 10, 96),
(1153, '2020-12-14', '09:00:00', '20:00:00', 4, 21),
(1154, '2020-12-14', '21:00:00', '21:30:00', 9, 44),
(1155, '2020-12-14', '09:30:00', '12:00:00', 2, 30),
(1156, '2020-12-14', '19:30:00', '20:00:00', 12, 46),
(1157, '2020-12-14', '18:00:00', '18:30:00', 8, 48),
(1158, '2020-12-14', '20:30:00', '21:00:00', 1, 27),
(1159, '2020-12-14', '21:00:00', '21:30:00', 12, 90),
(1160, '2020-12-14', '12:00:00', '15:30:00', 11, 63),
(1161, '2020-12-14', '11:30:00', '12:30:00', 14, 96),
(1162, '2020-12-14', '18:30:00', '21:00:00', 13, 51),
(1163, '2020-12-14', '15:30:00', '19:00:00', 6, 49),
(1164, '2020-12-14', '20:30:00', '21:00:00', 6, 17),
(1165, '2020-12-14', '12:00:00', '13:30:00', 12, 11),
(1166, '2020-12-15', '15:00:00', '17:00:00', 1, 83),
(1167, '2020-12-15', '10:00:00', '16:00:00', 12, 98),
(1168, '2020-12-15', '18:00:00', '18:30:00', 1, 86),
(1169, '2020-12-15', '15:00:00', '19:00:00', 3, 90),
(1170, '2020-12-15', '19:00:00', '20:00:00', 6, 75),
(1171, '2020-12-15', '18:30:00', '19:00:00', 13, 34),
(1172, '2020-12-15', '13:00:00', '19:00:00', 7, 17),
(1173, '2020-12-15', '19:30:00', '20:00:00', 5, 85),
(1174, '2020-12-15', '13:00:00', '18:30:00', 6, 40),
(1175, '2020-12-15', '11:00:00', '15:00:00', 13, 22),
(1176, '2020-12-15', '20:30:00', '21:00:00', 12, 94),
(1177, '2020-12-15', '09:00:00', '18:30:00', 5, 15),
(1178, '2020-12-15', '14:30:00', '18:00:00', 10, 77),
(1179, '2020-12-15', '09:30:00', '15:30:00', 11, 44),
(1180, '2020-12-15', '13:30:00', '18:30:00', 8, 23),
(1181, '2020-12-15', '16:30:00', '17:00:00', 11, 43),
(1182, '2020-12-15', '12:30:00', '15:00:00', 4, 22),
(1183, '2020-12-15', '20:30:00', '21:00:00', 6, 64),
(1184, '2020-12-15', '17:00:00', '20:30:00', 14, 8),
(1185, '2020-12-15', '13:00:00', '20:00:00', 2, 23),
(1186, '2020-12-15', '12:00:00', '14:30:00', 9, 73),
(1187, '2020-12-15', '18:00:00', '19:30:00', 9, 38),
(1188, '2020-12-15', '17:00:00', '18:00:00', 13, 76),
(1189, '2020-12-15', '20:30:00', '21:00:00', 10, 92),
(1190, '2020-12-15', '19:00:00', '20:00:00', 11, 17),
(1191, '2020-12-15', '10:00:00', '11:00:00', 6, 27),
(1192, '2020-12-15', '21:00:00', '21:30:00', 1, 30),
(1193, '2020-12-15', '20:00:00', '20:30:00', 9, 1),
(1194, '2020-12-15', '09:00:00', '11:30:00', 2, 93),
(1195, '2020-12-16', '11:00:00', '16:00:00', 6, 22),
(1196, '2020-12-16', '18:30:00', '19:30:00', 13, 32),
(1197, '2020-12-16', '12:30:00', '21:00:00', 8, 17),
(1198, '2020-12-16', '18:30:00', '20:30:00', 1, 18),
(1199, '2020-12-16', '20:30:00', '21:00:00', 5, 54),
(1200, '2020-12-16', '20:30:00', '21:00:00', 2, 33),
(1201, '2020-12-16', '20:30:00', '21:00:00', 10, 54),
(1202, '2020-12-16', '18:30:00', '20:30:00', 9, 69),
(1203, '2020-12-16', '14:30:00', '15:30:00', 4, 68),
(1204, '2020-12-16', '19:00:00', '20:00:00', 11, 55),
(1205, '2020-12-16', '20:30:00', '21:00:00', 11, 74),
(1206, '2020-12-16', '11:30:00', '15:30:00', 10, 31),
(1207, '2020-12-16', '09:30:00', '18:00:00', 13, 97),
(1208, '2020-12-16', '11:00:00', '16:30:00', 9, 63),
(1209, '2020-12-16', '17:30:00', '20:00:00', 7, 93),
(1210, '2020-12-16', '09:30:00', '11:30:00', 4, 48),
(1211, '2020-12-16', '17:30:00', '18:00:00', 2, 84),
(1212, '2020-12-16', '16:00:00', '20:30:00', 4, 78),
(1213, '2020-12-16', '16:00:00', '20:00:00', 14, 73),
(1214, '2020-12-16', '15:30:00', '16:00:00', 11, 52),
(1215, '2020-12-16', '10:00:00', '14:30:00', 3, 87),
(1216, '2020-12-16', '14:30:00', '16:00:00', 1, 34),
(1217, '2020-12-16', '09:30:00', '11:00:00', 8, 31),
(1218, '2020-12-16', '19:00:00', '19:30:00', 6, 66),
(1219, '2020-12-16', '18:30:00', '19:30:00', 5, 32),
(1220, '2020-12-16', '16:30:00', '17:30:00', 10, 43),
(1221, '2020-12-16', '16:30:00', '18:00:00', 3, 85),
(1222, '2020-12-16', '09:30:00', '14:30:00', 7, 52),
(1223, '2020-12-17', '15:30:00', '19:30:00', 11, 85),
(1224, '2020-12-17', '09:30:00', '16:00:00', 6, 39),
(1225, '2020-12-17', '13:30:00', '18:00:00', 9, 100),
(1226, '2020-12-17', '21:00:00', '21:30:00', 11, 1),
(1227, '2020-12-17', '15:00:00', '17:30:00', 3, 5),
(1228, '2020-12-17', '14:30:00', '16:30:00', 12, 20),
(1229, '2020-12-17', '18:30:00', '20:30:00', 5, 9),
(1230, '2020-12-17', '14:30:00', '17:30:00', 13, 80),
(1231, '2020-12-17', '09:00:00', '18:30:00', 1, 47),
(1232, '2020-12-17', '19:30:00', '20:30:00', 1, 80),
(1233, '2020-12-17', '20:30:00', '21:00:00', 6, 65),
(1234, '2020-12-17', '18:30:00', '20:30:00', 4, 57),
(1235, '2020-12-17', '20:30:00', '21:00:00', 10, 9),
(1236, '2020-12-17', '10:00:00', '11:00:00', 8, 25),
(1237, '2020-12-17', '15:30:00', '16:00:00', 8, 43),
(1238, '2020-12-17', '13:00:00', '16:30:00', 5, 72),
(1239, '2020-12-17', '19:00:00', '20:00:00', 9, 71),
(1240, '2020-12-17', '09:00:00', '12:30:00', 14, 87),
(1241, '2020-12-17', '10:30:00', '18:00:00', 4, 34),
(1242, '2020-12-17', '16:30:00', '17:30:00', 7, 89),
(1243, '2020-12-17', '10:00:00', '15:30:00', 7, 11),
(1244, '2020-12-17', '11:00:00', '13:30:00', 12, 64),
(1245, '2020-12-17', '21:00:00', '21:30:00', 12, 3),
(1246, '2020-12-17', '21:00:00', '21:30:00', 2, 73),
(1247, '2020-12-17', '20:00:00', '20:30:00', 2, 77),
(1248, '2020-12-17', '19:00:00', '20:00:00', 12, 8),
(1249, '2020-12-17', '19:00:00', '20:00:00', 6, 91),
(1250, '2020-12-19', '12:00:00', '14:00:00', 13, 53),
(1251, '2020-12-19', '18:00:00', '19:00:00', 12, 76),
(1252, '2020-12-19', '19:00:00', '21:00:00', 5, 99),
(1253, '2020-12-19', '13:30:00', '20:30:00', 3, 30),
(1254, '2020-12-19', '09:00:00', '11:00:00', 2, 51),
(1255, '2020-12-19', '21:00:00', '21:30:00', 13, 88),
(1256, '2020-12-19', '13:00:00', '18:30:00', 4, 23),
(1257, '2020-12-19', '10:00:00', '14:00:00', 5, 64),
(1258, '2020-12-19', '16:00:00', '17:00:00', 5, 23),
(1259, '2020-12-19', '13:00:00', '21:00:00', 2, 16),
(1260, '2020-12-19', '21:00:00', '21:30:00', 6, 43),
(1261, '2020-12-19', '09:00:00', '18:00:00', 1, 53),
(1262, '2020-12-19', '19:30:00', '20:00:00', 12, 13),
(1263, '2020-12-19', '16:30:00', '21:00:00', 14, 73),
(1264, '2020-12-19', '17:00:00', '21:00:00', 11, 21),
(1265, '2020-12-19', '14:30:00', '20:30:00', 7, 68),
(1266, '2020-12-19', '20:30:00', '21:00:00', 4, 12),
(1267, '2020-12-19', '19:30:00', '20:00:00', 13, 10),
(1268, '2020-12-19', '18:00:00', '20:30:00', 6, 21),
(1269, '2020-12-19', '10:00:00', '11:00:00', 10, 78),
(1270, '2020-12-19', '15:00:00', '18:00:00', 8, 6),
(1271, '2020-12-19', '12:30:00', '13:00:00', 6, 48),
(1272, '2020-12-19', '21:00:00', '21:30:00', 3, 24),
(1273, '2020-12-19', '21:00:00', '21:30:00', 12, 68),
(1274, '2020-12-19', '18:30:00', '20:30:00', 9, 45),
(1275, '2020-12-19', '11:30:00', '17:00:00', 12, 74),
(1276, '2020-12-19', '18:00:00', '19:00:00', 13, 27),
(1277, '2020-12-19', '18:30:00', '19:30:00', 8, 23),
(1278, '2020-12-20', '15:00:00', '18:00:00', 10, 12),
(1279, '2020-12-20', '18:30:00', '21:00:00', 6, 75),
(1280, '2020-12-20', '11:30:00', '20:00:00', 12, 69),
(1281, '2020-12-20', '12:30:00', '18:00:00', 11, 2),
(1282, '2020-12-20', '13:30:00', '17:00:00', 13, 78),
(1283, '2020-12-20', '18:00:00', '19:00:00', 4, 36),
(1284, '2020-12-20', '10:00:00', '14:30:00', 6, 6),
(1285, '2020-12-20', '16:30:00', '19:30:00', 2, 90),
(1286, '2020-12-20', '21:00:00', '21:30:00', 11, 83),
(1287, '2020-12-20', '19:00:00', '20:30:00', 1, 18),
(1288, '2020-12-20', '13:00:00', '15:30:00', 1, 73),
(1289, '2020-12-20', '20:30:00', '21:00:00', 14, 23),
(1290, '2020-12-20', '09:00:00', '10:00:00', 13, 71),
(1291, '2020-12-20', '18:00:00', '20:30:00', 3, 83),
(1292, '2020-12-20', '16:30:00', '18:30:00', 14, 2),
(1293, '2020-12-20', '19:00:00', '20:00:00', 5, 2),
(1294, '2020-12-20', '11:00:00', '17:30:00', 3, 59),
(1295, '2020-12-20', '17:00:00', '18:30:00', 5, 7),
(1296, '2020-12-20', '19:30:00', '20:00:00', 10, 49),
(1297, '2020-12-20', '21:00:00', '21:30:00', 8, 74),
(1298, '2020-12-20', '14:30:00', '20:00:00', 8, 59),
(1299, '2020-12-20', '16:30:00', '19:00:00', 9, 75),
(1300, '2020-12-20', '19:30:00', '20:30:00', 11, 57),
(1301, '2020-12-20', '12:00:00', '14:00:00', 2, 45),
(1302, '2020-12-20', '21:00:00', '21:30:00', 5, 99),
(1303, '2020-12-20', '20:30:00', '21:00:00', 10, 12),
(1304, '2020-12-20', '21:00:00', '21:30:00', 7, 80),
(1305, '2020-12-20', '20:30:00', '21:00:00', 12, 43),
(1306, '2020-12-21', '09:30:00', '19:00:00', 8, 31),
(1307, '2020-12-21', '18:30:00', '20:30:00', 9, 85),
(1308, '2020-12-21', '20:30:00', '21:00:00', 4, 66),
(1309, '2020-12-21', '11:00:00', '19:30:00', 11, 24),
(1310, '2020-12-21', '20:30:00', '21:00:00', 6, 14),
(1311, '2020-12-21', '13:00:00', '14:30:00', 6, 34),
(1312, '2020-12-21', '11:30:00', '13:00:00', 5, 93),
(1313, '2020-12-21', '20:00:00', '20:30:00', 10, 82),
(1314, '2020-12-21', '19:30:00', '20:30:00', 12, 28),
(1315, '2020-12-21', '12:00:00', '14:30:00', 7, 22),
(1316, '2020-12-21', '13:00:00', '14:30:00', 4, 79),
(1317, '2020-12-21', '10:00:00', '12:00:00', 13, 48),
(1318, '2020-12-21', '14:30:00', '19:00:00', 3, 27),
(1319, '2020-12-21', '10:30:00', '12:30:00', 6, 82),
(1320, '2020-12-21', '21:00:00', '21:30:00', 7, 2),
(1321, '2020-12-21', '17:00:00', '19:30:00', 2, 19),
(1322, '2020-12-21', '16:30:00', '17:00:00', 1, 82),
(1323, '2020-12-21', '16:30:00', '19:30:00', 10, 5),
(1324, '2020-12-21', '15:00:00', '16:00:00', 2, 18),
(1325, '2020-12-21', '17:00:00', '21:00:00', 14, 65),
(1326, '2020-12-21', '17:30:00', '19:30:00', 5, 54),
(1327, '2020-12-21', '19:30:00', '21:00:00', 13, 90),
(1328, '2020-12-21', '21:00:00', '21:30:00', 9, 5),
(1329, '2020-12-21', '10:30:00', '12:30:00', 4, 62),
(1330, '2020-12-21', '12:30:00', '13:30:00', 1, 79),
(1331, '2020-12-21', '10:00:00', '11:30:00', 7, 16),
(1332, '2020-12-21', '11:00:00', '15:30:00', 12, 94),
(1333, '2020-12-21', '16:00:00', '19:00:00', 13, 13),
(1334, '2020-12-22', '20:00:00', '21:00:00', 6, 38),
(1335, '2020-12-22', '15:00:00', '18:00:00', 9, 51),
(1336, '2020-12-22', '17:00:00', '21:00:00', 13, 86),
(1337, '2020-12-22', '12:30:00', '14:00:00', 10, 5),
(1338, '2020-12-22', '09:30:00', '20:00:00', 8, 85),
(1339, '2020-12-22', '20:00:00', '20:30:00', 7, 13),
(1340, '2020-12-22', '15:00:00', '15:30:00', 7, 9),
(1341, '2020-12-22', '20:30:00', '21:00:00', 9, 8),
(1342, '2020-12-22', '13:00:00', '20:30:00', 14, 52),
(1343, '2020-12-22', '15:00:00', '19:00:00', 12, 85),
(1344, '2020-12-22', '18:30:00', '19:30:00', 10, 33),
(1345, '2020-12-22', '18:00:00', '19:30:00', 4, 11),
(1346, '2020-12-22', '14:30:00', '16:00:00', 6, 70),
(1347, '2020-12-22', '19:30:00', '21:00:00', 3, 22),
(1348, '2020-12-22', '19:00:00', '20:30:00', 5, 20),
(1349, '2020-12-22', '12:30:00', '13:00:00', 1, 14),
(1350, '2020-12-22', '20:30:00', '21:00:00', 10, 84),
(1351, '2020-12-22', '21:00:00', '21:30:00', 11, 37),
(1352, '2020-12-22', '16:30:00', '19:00:00', 2, 100),
(1353, '2020-12-22', '11:30:00', '14:30:00', 2, 93),
(1354, '2020-12-22', '10:30:00', '11:00:00', 2, 15),
(1355, '2020-12-22', '15:30:00', '18:00:00', 11, 98),
(1356, '2020-12-22', '09:30:00', '11:00:00', 13, 93),
(1357, '2020-12-22', '09:30:00', '11:00:00', 6, 22),
(1358, '2020-12-22', '18:30:00', '19:30:00', 1, 96),
(1359, '2020-12-22', '16:30:00', '17:00:00', 5, 12),
(1360, '2020-12-22', '19:30:00', '20:00:00', 9, 70),
(1361, '2020-12-22', '11:30:00', '12:00:00', 11, 24),
(1362, '2020-12-22', '20:30:00', '21:00:00', 12, 46),
(1363, '2020-12-23', '10:30:00', '15:00:00', 2, 60),
(1364, '2020-12-23', '18:30:00', '19:30:00', 12, 36),
(1365, '2020-12-23', '16:00:00', '16:30:00', 6, 59),
(1366, '2020-12-23', '10:00:00', '15:00:00', 5, 30),
(1367, '2020-12-23', '17:30:00', '19:30:00', 9, 38),
(1368, '2020-12-23', '20:30:00', '21:00:00', 8, 58),
(1369, '2020-12-23', '21:00:00', '21:30:00', 2, 27),
(1370, '2020-12-23', '11:30:00', '17:30:00', 12, 41),
(1371, '2020-12-23', '14:00:00', '17:30:00', 1, 12),
(1372, '2020-12-23', '15:00:00', '21:00:00', 3, 92),
(1373, '2020-12-23', '18:30:00', '19:30:00', 11, 88),
(1374, '2020-12-23', '18:00:00', '20:00:00', 6, 2),
(1375, '2020-12-23', '16:00:00', '17:30:00', 14, 20),
(1376, '2020-12-23', '21:00:00', '21:30:00', 14, 100),
(1377, '2020-12-23', '18:30:00', '19:30:00', 8, 18),
(1378, '2020-12-23', '14:30:00', '18:00:00', 10, 35),
(1379, '2020-12-23', '21:00:00', '21:30:00', 9, 73),
(1380, '2020-12-23', '11:00:00', '14:00:00', 14, 50),
(1381, '2020-12-23', '14:30:00', '17:30:00', 13, 41),
(1382, '2020-12-23', '10:00:00', '10:30:00', 1, 39),
(1383, '2020-12-23', '13:00:00', '14:00:00', 7, 64),
(1384, '2020-12-23', '20:30:00', '21:00:00', 6, 72),
(1385, '2020-12-23', '17:30:00', '18:00:00', 4, 27),
(1386, '2020-12-23', '20:30:00', '21:00:00', 4, 78),
(1387, '2020-12-23', '09:00:00', '13:00:00', 8, 86),
(1388, '2020-12-23', '21:00:00', '21:30:00', 13, 29),
(1389, '2020-12-23', '19:00:00', '19:30:00', 7, 26),
(1390, '2020-12-23', '20:30:00', '21:00:00', 11, 38),
(1391, '2020-12-23', '19:00:00', '20:00:00', 5, 2),
(1392, '2020-12-24', '12:00:00', '14:00:00', 3, 63),
(1393, '2020-12-24', '10:30:00', '21:00:00', 14, 48),
(1394, '2020-12-24', '20:00:00', '21:00:00', 2, 41),
(1395, '2020-12-24', '19:00:00', '21:00:00', 3, 31),
(1396, '2020-12-24', '19:00:00', '20:30:00', 11, 17),
(1397, '2020-12-24', '09:00:00', '20:30:00', 9, 73),
(1398, '2020-12-24', '10:30:00', '19:00:00', 7, 46),
(1399, '2020-12-24', '18:30:00', '20:30:00', 1, 78),
(1400, '2020-12-24', '13:30:00', '19:00:00', 4, 5),
(1401, '2020-12-24', '12:00:00', '18:00:00', 1, 42),
(1402, '2020-12-24', '15:00:00', '18:30:00', 10, 92),
(1403, '2020-12-24', '17:00:00', '18:30:00', 13, 65),
(1404, '2020-12-24', '20:30:00', '21:00:00', 4, 97),
(1405, '2020-12-24', '12:00:00', '16:00:00', 8, 80),
(1406, '2020-12-24', '09:00:00', '11:00:00', 1, 89),
(1407, '2020-12-24', '10:30:00', '12:00:00', 2, 88),
(1408, '2020-12-24', '11:00:00', '19:30:00', 12, 32),
(1409, '2020-12-24', '17:30:00', '18:00:00', 8, 93),
(1410, '2020-12-24', '09:00:00', '17:00:00', 5, 75),
(1411, '2020-12-24', '09:30:00', '10:00:00', 10, 32),
(1412, '2020-12-24', '16:30:00', '17:00:00', 2, 30),
(1413, '2020-12-24', '19:30:00', '20:30:00', 13, 11),
(1414, '2020-12-24', '20:30:00', '21:00:00', 12, 39),
(1415, '2020-12-24', '11:00:00', '16:00:00', 13, 8),
(1416, '2020-12-24', '21:00:00', '21:30:00', 7, 75),
(1417, '2020-12-24', '09:00:00', '11:00:00', 11, 14),
(1418, '2020-12-24', '20:00:00', '21:00:00', 8, 23),
(1419, '2020-12-26', '10:30:00', '20:30:00', 4, 18),
(1420, '2020-12-26', '16:30:00', '20:30:00', 9, 25),
(1421, '2020-12-26', '18:00:00', '19:30:00', 7, 100),
(1422, '2020-12-26', '17:30:00', '19:00:00', 6, 26),
(1423, '2020-12-26', '14:00:00', '17:30:00', 8, 85),
(1424, '2020-12-26', '20:30:00', '21:00:00', 5, 29),
(1425, '2020-12-26', '19:00:00', '19:30:00', 1, 85),
(1426, '2020-12-26', '17:30:00', '19:30:00', 12, 90),
(1427, '2020-12-26', '14:00:00', '14:30:00', 1, 8),
(1428, '2020-12-26', '19:00:00', '20:30:00', 8, 11),
(1429, '2020-12-26', '21:00:00', '21:30:00', 6, 94),
(1430, '2020-12-26', '10:00:00', '13:00:00', 14, 11),
(1431, '2020-12-26', '14:00:00', '21:00:00', 2, 1),
(1432, '2020-12-26', '14:30:00', '20:30:00', 13, 98),
(1433, '2020-12-26', '20:30:00', '21:00:00', 12, 96),
(1434, '2020-12-26', '13:30:00', '18:00:00', 3, 48),
(1435, '2020-12-26', '13:30:00', '16:00:00', 5, 4),
(1436, '2020-12-26', '13:30:00', '21:00:00', 11, 18),
(1437, '2020-12-26', '12:00:00', '18:00:00', 10, 1),
(1438, '2020-12-26', '10:00:00', '16:00:00', 7, 11),
(1439, '2020-12-26', '19:30:00', '20:00:00', 3, 80),
(1440, '2020-12-26', '10:30:00', '11:00:00', 5, 37),
(1441, '2020-12-26', '17:00:00', '19:30:00', 14, 31),
(1442, '2020-12-26', '09:00:00', '09:30:00', 13, 79),
(1443, '2020-12-26', '18:30:00', '19:30:00', 5, 17),
(1444, '2020-12-26', '18:30:00', '20:00:00', 10, 47),
(1445, '2020-12-26', '14:30:00', '16:00:00', 12, 79),
(1446, '2020-12-26', '10:00:00', '13:00:00', 13, 83),
(1447, '2020-12-26', '11:30:00', '12:30:00', 9, 57),
(1448, '2020-12-27', '17:00:00', '19:00:00', 9, 4),
(1449, '2020-12-27', '12:30:00', '21:00:00', 4, 81),
(1450, '2020-12-27', '14:30:00', '19:30:00', 7, 76),
(1451, '2020-12-27', '12:00:00', '20:00:00', 10, 36),
(1452, '2020-12-27', '19:30:00', '20:30:00', 13, 94),
(1453, '2020-12-27', '11:30:00', '16:30:00', 13, 81),
(1454, '2020-12-27', '21:00:00', '21:30:00', 5, 53),
(1455, '2020-12-27', '10:00:00', '13:30:00', 5, 76),
(1456, '2020-12-27', '10:30:00', '12:00:00', 3, 3),
(1457, '2020-12-27', '11:00:00', '20:00:00', 6, 54),
(1458, '2020-12-27', '11:00:00', '19:30:00', 14, 67),
(1459, '2020-12-27', '14:30:00', '15:00:00', 9, 59),
(1460, '2020-12-27', '20:30:00', '21:00:00', 11, 9),
(1461, '2020-12-27', '19:30:00', '20:00:00', 1, 33),
(1462, '2020-12-27', '16:30:00', '19:00:00', 11, 57),
(1463, '2020-12-27', '10:30:00', '14:00:00', 2, 59),
(1464, '2020-12-27', '17:30:00', '20:00:00', 8, 80),
(1465, '2020-12-27', '21:00:00', '21:30:00', 3, 85),
(1466, '2020-12-27', '15:00:00', '20:30:00', 2, 29),
(1467, '2020-12-27', '09:30:00', '14:30:00', 11, 43),
(1468, '2020-12-27', '15:30:00', '16:00:00', 8, 32),
(1469, '2020-12-27', '09:30:00', '11:30:00', 12, 67),
(1470, '2020-12-27', '10:00:00', '10:30:00', 9, 78),
(1471, '2020-12-27', '20:30:00', '21:00:00', 14, 93),
(1472, '2020-12-27', '13:30:00', '14:00:00', 7, 87),
(1473, '2020-12-27', '18:00:00', '19:00:00', 12, 36),
(1474, '2020-12-27', '12:30:00', '14:00:00', 3, 42),
(1475, '2020-12-27', '14:00:00', '16:30:00', 12, 90),
(1476, '2020-12-27', '12:30:00', '17:00:00', 1, 49),
(1477, '2020-12-28', '19:00:00', '21:00:00', 14, 9),
(1478, '2020-12-28', '12:00:00', '14:30:00', 6, 14),
(1479, '2020-12-28', '18:00:00', '19:00:00', 1, 1),
(1480, '2020-12-28', '13:30:00', '18:00:00', 7, 74),
(1481, '2020-12-28', '10:30:00', '18:00:00', 13, 79),
(1482, '2020-12-28', '20:00:00', '20:30:00', 6, 22),
(1483, '2020-12-28', '19:30:00', '20:00:00', 10, 18),
(1484, '2020-12-28', '15:30:00', '20:00:00', 4, 75),
(1485, '2020-12-28', '10:00:00', '13:00:00', 9, 32),
(1486, '2020-12-28', '09:00:00', '10:00:00', 1, 92),
(1487, '2020-12-28', '19:00:00', '19:30:00', 2, 43),
(1488, '2020-12-28', '09:00:00', '15:00:00', 2, 83),
(1489, '2020-12-28', '18:00:00', '18:30:00', 11, 74),
(1490, '2020-12-28', '19:30:00', '20:00:00', 3, 17),
(1491, '2020-12-28', '10:30:00', '19:00:00', 3, 65),
(1492, '2020-12-28', '12:00:00', '13:30:00', 5, 20),
(1493, '2020-12-28', '16:30:00', '17:00:00', 5, 46),
(1494, '2020-12-28', '14:00:00', '18:30:00', 10, 59),
(1495, '2020-12-28', '20:00:00', '20:30:00', 8, 48),
(1496, '2020-12-28', '10:30:00', '17:00:00', 8, 40),
(1497, '2020-12-28', '20:30:00', '21:00:00', 12, 62),
(1498, '2020-12-28', '18:30:00', '20:00:00', 13, 14),
(1499, '2020-12-28', '21:00:00', '21:30:00', 3, 48),
(1500, '2020-12-28', '21:00:00', '21:30:00', 8, 68),
(1501, '2020-12-28', '09:00:00', '14:30:00', 14, 18),
(1502, '2020-12-28', '09:30:00', '16:30:00', 12, 57),
(1503, '2020-12-28', '11:30:00', '14:00:00', 11, 19),
(1504, '2020-12-28', '19:30:00', '20:30:00', 9, 82),
(1505, '2020-12-28', '15:00:00', '18:30:00', 9, 39),
(1506, '2020-12-29', '13:00:00', '18:00:00', 2, 15),
(1507, '2020-12-29', '21:00:00', '21:30:00', 14, 41),
(1508, '2020-12-29', '14:30:00', '19:30:00', 5, 59),
(1509, '2020-12-29', '09:00:00', '14:30:00', 7, 37),
(1510, '2020-12-29', '09:30:00', '14:00:00', 10, 37),
(1511, '2020-12-29', '11:00:00', '21:00:00', 1, 13),
(1512, '2020-12-29', '13:00:00', '17:30:00', 13, 51),
(1513, '2020-12-29', '20:30:00', '21:00:00', 4, 88),
(1514, '2020-12-29', '18:00:00', '18:30:00', 11, 35),
(1515, '2020-12-29', '17:30:00', '19:30:00', 7, 30),
(1516, '2020-12-29', '14:00:00', '16:30:00', 4, 69),
(1517, '2020-12-29', '16:30:00', '17:30:00', 14, 35),
(1518, '2020-12-29', '21:00:00', '21:30:00', 10, 79),
(1519, '2020-12-29', '11:30:00', '18:30:00', 6, 99),
(1520, '2020-12-29', '10:00:00', '17:00:00', 12, 17),
(1521, '2020-12-29', '20:30:00', '21:00:00', 8, 69),
(1522, '2020-12-29', '14:00:00', '20:00:00', 3, 67),
(1523, '2020-12-29', '13:00:00', '15:00:00', 14, 81),
(1524, '2020-12-29', '10:30:00', '13:00:00', 4, 41),
(1525, '2020-12-29', '19:30:00', '20:30:00', 13, 3),
(1526, '2020-12-29', '20:00:00', '21:00:00', 5, 86),
(1527, '2020-12-29', '14:00:00', '18:00:00', 8, 50),
(1528, '2020-12-29', '19:30:00', '20:00:00', 11, 36),
(1529, '2020-12-29', '19:30:00', '20:00:00', 4, 12),
(1530, '2020-12-29', '20:30:00', '21:00:00', 12, 64),
(1531, '2020-12-29', '19:00:00', '19:30:00', 6, 7),
(1532, '2020-12-29', '09:00:00', '09:30:00', 4, 82),
(1533, '2020-12-29', '18:00:00', '19:00:00', 13, 29),
(1534, '2020-12-29', '19:00:00', '19:30:00', 12, 76),
(1535, '2020-12-30', '16:00:00', '16:30:00', 12, 80),
(1536, '2020-12-30', '11:30:00', '15:00:00', 11, 75),
(1537, '2020-12-30', '14:30:00', '19:00:00', 3, 6),
(1538, '2020-12-30', '13:00:00', '16:30:00', 9, 94),
(1539, '2020-12-30', '17:30:00', '21:00:00', 5, 71),
(1540, '2020-12-30', '21:00:00', '21:30:00', 1, 14),
(1541, '2020-12-30', '19:00:00', '21:00:00', 6, 14),
(1542, '2020-12-30', '16:00:00', '17:00:00', 13, 94),
(1543, '2020-12-30', '18:00:00', '19:00:00', 7, 37),
(1544, '2020-12-30', '10:30:00', '11:30:00', 2, 77),
(1545, '2020-12-30', '10:30:00', '20:00:00', 14, 18),
(1546, '2020-12-30', '19:30:00', '20:00:00', 13, 37),
(1547, '2020-12-30', '11:30:00', '17:00:00', 7, 21),
(1548, '2020-12-30', '15:00:00', '16:30:00', 2, 23),
(1549, '2020-12-30', '13:00:00', '14:30:00', 12, 1),
(1550, '2020-12-30', '19:30:00', '20:00:00', 10, 62),
(1551, '2020-12-30', '15:30:00', '21:00:00', 11, 63),
(1552, '2020-12-30', '15:30:00', '20:30:00', 1, 26),
(1553, '2020-12-30', '09:30:00', '15:00:00', 6, 14),
(1554, '2020-12-30', '16:30:00', '17:30:00', 10, 28),
(1555, '2020-12-30', '18:00:00', '20:00:00', 4, 40),
(1556, '2020-12-30', '15:30:00', '18:00:00', 6, 87),
(1557, '2020-12-30', '20:30:00', '21:00:00', 7, 64),
(1558, '2020-12-30', '11:30:00', '14:30:00', 13, 98),
(1559, '2020-12-30', '16:30:00', '19:00:00', 8, 30),
(1560, '2020-12-30', '09:30:00', '12:30:00', 10, 49),
(1561, '2020-12-31', '18:30:00', '19:00:00', 10, 9),
(1562, '2020-12-31', '10:30:00', '19:00:00', 14, 13),
(1563, '2020-12-31', '15:30:00', '18:30:00', 7, 72),
(1564, '2020-12-31', '13:00:00', '14:00:00', 8, 54),
(1565, '2020-12-31', '18:00:00', '21:00:00', 3, 26),
(1566, '2020-12-31', '19:00:00', '19:30:00', 1, 24),
(1567, '2020-12-31', '16:30:00', '20:30:00', 6, 76),
(1568, '2020-12-31', '16:30:00', '17:30:00', 3, 18),
(1569, '2020-12-31', '18:00:00', '21:00:00', 2, 62),
(1570, '2020-12-31', '21:00:00', '21:30:00', 11, 66),
(1571, '2020-12-31', '14:30:00', '17:30:00', 4, 73),
(1572, '2020-12-31', '19:30:00', '20:00:00', 13, 55),
(1573, '2020-12-31', '20:00:00', '21:00:00', 8, 12),
(1574, '2020-12-31', '19:30:00', '20:00:00', 9, 72),
(1575, '2020-12-31', '11:00:00', '14:30:00', 3, 68),
(1576, '2020-12-31', '14:30:00', '17:00:00', 9, 89),
(1577, '2020-12-31', '11:30:00', '19:30:00', 12, 98),
(1578, '2020-12-31', '13:30:00', '17:30:00', 5, 56),
(1579, '2020-12-31', '20:00:00', '20:30:00', 10, 97),
(1580, '2020-12-31', '16:00:00', '17:30:00', 8, 54),
(1581, '2020-12-31', '20:00:00', '21:00:00', 7, 3),
(1582, '2020-12-31', '20:30:00', '21:00:00', 9, 24),
(1583, '2020-12-31', '11:30:00', '20:00:00', 11, 61),
(1584, '2020-12-31', '20:00:00', '21:00:00', 12, 44),
(1585, '2020-12-31', '21:00:00', '21:30:00', 4, 88),
(1586, '2020-12-31', '21:00:00', '21:30:00', 13, 57),
(1587, '2020-12-31', '17:30:00', '18:00:00', 9, 5),
(1588, '2021-01-02', '18:00:00', '19:00:00', 7, 79),
(1589, '2021-01-02', '09:00:00', '21:00:00', 8, 67),
(1590, '2021-01-02', '20:30:00', '21:00:00', 12, 41),
(1591, '2021-01-02', '11:00:00', '14:00:00', 11, 35),
(1592, '2021-01-02', '18:00:00', '20:30:00', 5, 84),
(1593, '2021-01-02', '11:00:00', '15:30:00', 4, 71),
(1594, '2021-01-02', '10:00:00', '11:30:00', 2, 75),
(1595, '2021-01-02', '10:30:00', '15:30:00', 5, 68),
(1596, '2021-01-02', '19:30:00', '20:30:00', 13, 53),
(1597, '2021-01-02', '16:00:00', '16:30:00', 2, 66),
(1598, '2021-01-02', '14:30:00', '20:30:00', 11, 65),
(1599, '2021-01-02', '19:00:00', '20:30:00', 3, 3),
(1600, '2021-01-02', '11:00:00', '12:30:00', 13, 77),
(1601, '2021-01-02', '15:30:00', '16:00:00', 10, 34),
(1602, '2021-01-02', '15:30:00', '18:00:00', 6, 66),
(1603, '2021-01-02', '19:00:00', '19:30:00', 6, 31),
(1604, '2021-01-02', '19:30:00', '20:30:00', 1, 93),
(1605, '2021-01-02', '18:30:00', '19:30:00', 14, 82),
(1606, '2021-01-02', '12:30:00', '17:30:00', 12, 31),
(1607, '2021-01-02', '11:00:00', '11:30:00', 12, 76),
(1608, '2021-01-02', '18:00:00', '19:00:00', 12, 26),
(1609, '2021-01-02', '21:00:00', '21:30:00', 11, 12),
(1610, '2021-01-02', '12:30:00', '14:00:00', 3, 23),
(1611, '2021-01-02', '14:30:00', '17:30:00', 3, 77),
(1612, '2021-01-02', '17:00:00', '20:30:00', 9, 9),
(1613, '2021-01-02', '16:00:00', '17:30:00', 4, 72),
(1614, '2021-01-03', '16:30:00', '19:00:00', 8, 3),
(1615, '2021-01-03', '14:00:00', '21:00:00', 4, 77),
(1616, '2021-01-03', '16:30:00', '20:00:00', 3, 77),
(1617, '2021-01-03', '14:30:00', '21:00:00', 5, 49),
(1618, '2021-01-03', '19:00:00', '19:30:00', 14, 34),
(1619, '2021-01-03', '14:00:00', '20:00:00', 1, 17),
(1620, '2021-01-03', '13:00:00', '15:00:00', 11, 58),
(1621, '2021-01-03', '20:30:00', '21:00:00', 6, 71),
(1622, '2021-01-03', '12:30:00', '18:30:00', 6, 94),
(1623, '2021-01-03', '14:00:00', '20:00:00', 2, 89),
(1624, '2021-01-03', '11:30:00', '18:30:00', 12, 64),
(1625, '2021-01-03', '19:30:00', '20:00:00', 11, 12),
(1626, '2021-01-03', '14:30:00', '15:00:00', 8, 78),
(1627, '2021-01-03', '12:30:00', '15:30:00', 3, 57),
(1628, '2021-01-03', '13:00:00', '21:00:00', 7, 11),
(1629, '2021-01-03', '13:30:00', '19:00:00', 10, 80),
(1630, '2021-01-03', '20:30:00', '21:00:00', 14, 50),
(1631, '2021-01-03', '15:30:00', '17:30:00', 9, 43),
(1632, '2021-01-03', '21:00:00', '21:30:00', 1, 21),
(1633, '2021-01-03', '15:30:00', '19:30:00', 13, 83),
(1634, '2021-01-03', '21:00:00', '21:30:00', 8, 8),
(1635, '2021-01-03', '19:00:00', '19:30:00', 12, 35),
(1636, '2021-01-03', '21:00:00', '21:30:00', 9, 34),
(1637, '2021-01-03', '09:30:00', '10:30:00', 13, 77),
(1638, '2021-01-03', '11:30:00', '13:00:00', 4, 69),
(1639, '2021-01-03', '18:30:00', '20:00:00', 9, 48),
(1640, '2021-01-03', '17:00:00', '18:30:00', 11, 83),
(1641, '2021-01-04', '16:00:00', '19:30:00', 10, 55),
(1642, '2021-01-04', '12:30:00', '19:30:00', 5, 23),
(1643, '2021-01-04', '16:00:00', '16:30:00', 1, 10),
(1644, '2021-01-04', '15:30:00', '19:30:00', 14, 42),
(1645, '2021-01-04', '20:00:00', '21:00:00', 9, 31),
(1646, '2021-01-04', '14:00:00', '15:00:00', 10, 60),
(1647, '2021-01-04', '20:30:00', '21:00:00', 8, 100),
(1648, '2021-01-04', '20:30:00', '21:00:00', 4, 20),
(1649, '2021-01-04', '12:30:00', '16:30:00', 13, 53),
(1650, '2021-01-04', '12:30:00', '15:30:00', 3, 4),
(1651, '2021-01-04', '20:30:00', '21:00:00', 7, 84),
(1652, '2021-01-04', '09:30:00', '16:30:00', 8, 40),
(1653, '2021-01-04', '12:30:00', '14:00:00', 4, 13),
(1654, '2021-01-04', '17:30:00', '19:00:00', 1, 47),
(1655, '2021-01-04', '10:00:00', '13:30:00', 1, 13),
(1656, '2021-01-04', '17:00:00', '21:00:00', 11, 52),
(1657, '2021-01-04', '20:00:00', '20:30:00', 3, 84),
(1658, '2021-01-04', '17:00:00', '19:00:00', 8, 27),
(1659, '2021-01-04', '19:30:00', '20:00:00', 7, 76),
(1660, '2021-01-04', '09:30:00', '12:00:00', 5, 75),
(1661, '2021-01-04', '14:30:00', '19:00:00', 2, 10),
(1662, '2021-01-04', '10:00:00', '14:00:00', 14, 65),
(1663, '2021-01-04', '14:30:00', '17:30:00', 7, 43),
(1664, '2021-01-04', '18:00:00', '19:00:00', 12, 85),
(1665, '2021-01-04', '12:30:00', '15:30:00', 12, 75),
(1666, '2021-01-04', '18:30:00', '21:00:00', 13, 61),
(1667, '2021-01-05', '12:00:00', '20:00:00', 10, 80),
(1668, '2021-01-05', '12:00:00', '15:00:00', 7, 28),
(1669, '2021-01-05', '10:00:00', '10:30:00', 4, 67),
(1670, '2021-01-05', '18:30:00', '19:00:00', 2, 100),
(1671, '2021-01-05', '09:00:00', '19:00:00', 6, 40),
(1672, '2021-01-05', '15:30:00', '18:00:00', 11, 45),
(1673, '2021-01-05', '11:30:00', '14:00:00', 8, 44),
(1674, '2021-01-05', '15:30:00', '19:30:00', 9, 95),
(1675, '2021-01-05', '18:00:00', '20:00:00', 8, 91),
(1676, '2021-01-05', '18:30:00', '21:00:00', 12, 62),
(1677, '2021-01-05', '17:30:00', '18:00:00', 4, 19),
(1678, '2021-01-05', '15:30:00', '18:30:00', 1, 49),
(1679, '2021-01-05', '19:30:00', '21:00:00', 2, 83),
(1680, '2021-01-05', '21:00:00', '21:30:00', 10, 35),
(1681, '2021-01-05', '10:30:00', '13:30:00', 13, 22),
(1682, '2021-01-05', '11:30:00', '12:00:00', 3, 81),
(1683, '2021-01-05', '16:00:00', '18:00:00', 3, 93),
(1684, '2021-01-05', '13:30:00', '14:00:00', 4, 55),
(1685, '2021-01-05', '21:00:00', '21:30:00', 3, 38),
(1686, '2021-01-05', '09:30:00', '12:00:00', 9, 36),
(1687, '2021-01-05', '13:00:00', '15:00:00', 11, 35),
(1688, '2021-01-05', '15:00:00', '17:30:00', 8, 67),
(1689, '2021-01-05', '15:30:00', '16:00:00', 13, 19),
(1690, '2021-01-05', '19:00:00', '19:30:00', 3, 53),
(1691, '2021-01-05', '20:30:00', '21:00:00', 6, 61),
(1692, '2021-01-05', '19:00:00', '21:00:00', 7, 86),
(1693, '2021-01-06', '17:30:00', '19:30:00', 8, 30),
(1694, '2021-01-06', '10:30:00', '18:00:00', 7, 75),
(1695, '2021-01-06', '17:30:00', '19:30:00', 12, 74),
(1696, '2021-01-06', '09:30:00', '13:00:00', 4, 53),
(1697, '2021-01-06', '14:00:00', '19:30:00', 6, 36),
(1698, '2021-01-06', '13:30:00', '20:30:00', 4, 37),
(1699, '2021-01-06', '18:30:00', '20:30:00', 7, 64),
(1700, '2021-01-06', '17:00:00', '20:30:00', 5, 94),
(1701, '2021-01-06', '20:00:00', '20:30:00', 10, 60),
(1702, '2021-01-06', '21:00:00', '21:30:00', 5, 17),
(1703, '2021-01-06', '10:30:00', '13:00:00', 12, 84),
(1704, '2021-01-06', '21:00:00', '21:30:00', 6, 75),
(1705, '2021-01-06', '11:00:00', '16:00:00', 2, 69),
(1706, '2021-01-06', '17:30:00', '18:00:00', 10, 1),
(1707, '2021-01-06', '16:30:00', '18:00:00', 1, 66),
(1708, '2021-01-06', '14:30:00', '16:00:00', 9, 96),
(1709, '2021-01-06', '17:00:00', '20:00:00', 2, 74),
(1710, '2021-01-06', '16:30:00', '19:00:00', 14, 83),
(1711, '2021-01-06', '13:30:00', '14:00:00', 14, 39),
(1712, '2021-01-06', '12:30:00', '17:00:00', 11, 51),
(1713, '2021-01-06', '21:00:00', '21:30:00', 2, 14),
(1714, '2021-01-06', '20:00:00', '21:00:00', 3, 34),
(1715, '2021-01-06', '15:30:00', '18:00:00', 13, 63),
(1716, '2021-01-06', '09:00:00', '15:00:00', 3, 87),
(1717, '2021-01-06', '11:30:00', '14:00:00', 9, 100),
(1718, '2021-01-06', '19:00:00', '19:30:00', 13, 31),
(1719, '2021-01-07', '18:00:00', '20:30:00', 8, 52),
(1720, '2021-01-07', '19:00:00', '20:30:00', 6, 49),
(1721, '2021-01-07', '12:30:00', '20:00:00', 11, 40),
(1722, '2021-01-07', '20:00:00', '20:30:00', 13, 32),
(1723, '2021-01-07', '17:00:00', '18:00:00', 6, 45),
(1724, '2021-01-07', '19:30:00', '21:00:00', 10, 100),
(1725, '2021-01-07', '10:30:00', '11:30:00', 7, 87),
(1726, '2021-01-07', '20:00:00', '20:30:00', 9, 23),
(1727, '2021-01-07', '19:00:00', '19:30:00', 2, 16),
(1728, '2021-01-07', '10:00:00', '20:30:00', 1, 61),
(1729, '2021-01-07', '12:00:00', '20:30:00', 14, 92),
(1730, '2021-01-07', '13:00:00', '16:00:00', 13, 68),
(1731, '2021-01-07', '15:30:00', '19:30:00', 5, 32),
(1732, '2021-01-07', '13:30:00', '14:00:00', 10, 96),
(1733, '2021-01-07', '21:00:00', '21:30:00', 2, 61),
(1734, '2021-01-07', '13:00:00', '19:00:00', 3, 48),
(1735, '2021-01-07', '12:00:00', '15:30:00', 2, 2),
(1736, '2021-01-07', '19:30:00', '20:30:00', 4, 7),
(1737, '2021-01-07', '15:00:00', '15:30:00', 7, 88),
(1738, '2021-01-07', '20:00:00', '20:30:00', 2, 56),
(1739, '2021-01-07', '14:30:00', '19:00:00', 12, 71),
(1740, '2021-01-07', '09:30:00', '11:30:00', 3, 24),
(1741, '2021-01-07', '14:30:00', '15:00:00', 4, 37),
(1742, '2021-01-07', '10:00:00', '18:30:00', 9, 45),
(1743, '2021-01-07', '10:30:00', '11:30:00', 4, 25),
(1744, '2021-01-07', '20:30:00', '21:00:00', 11, 57),
(1745, '2021-01-09', '19:30:00', '21:00:00', 14, 47),
(1746, '2021-01-09', '09:00:00', '21:00:00', 10, 57),
(1747, '2021-01-09', '10:00:00', '15:00:00', 1, 62),
(1748, '2021-01-09', '10:30:00', '13:00:00', 11, 98),
(1749, '2021-01-09', '13:30:00', '19:30:00', 13, 86),
(1750, '2021-01-09', '18:00:00', '20:30:00', 4, 89),
(1751, '2021-01-09', '15:30:00', '19:30:00', 6, 67),
(1752, '2021-01-09', '15:00:00', '16:00:00', 8, 34),
(1753, '2021-01-09', '10:00:00', '20:00:00', 3, 17),
(1754, '2021-01-09', '12:30:00', '19:30:00', 7, 25),
(1755, '2021-01-09', '09:00:00', '12:00:00', 6, 20),
(1756, '2021-01-09', '18:30:00', '21:00:00', 8, 58),
(1757, '2021-01-09', '10:00:00', '11:30:00', 2, 66),
(1758, '2021-01-09', '15:30:00', '21:00:00', 5, 19),
(1759, '2021-01-09', '14:00:00', '16:00:00', 14, 18),
(1760, '2021-01-09', '17:30:00', '19:30:00', 12, 40),
(1761, '2021-01-09', '17:00:00', '17:30:00', 1, 94),
(1762, '2021-01-09', '20:00:00', '20:30:00', 12, 68),
(1763, '2021-01-09', '19:00:00', '21:00:00', 2, 3),
(1764, '2021-01-09', '17:30:00', '20:30:00', 9, 96),
(1765, '2021-01-09', '20:30:00', '21:00:00', 3, 5),
(1766, '2021-01-09', '20:30:00', '21:00:00', 7, 91),
(1767, '2021-01-09', '13:30:00', '18:30:00', 2, 60),
(1768, '2021-01-09', '11:00:00', '14:30:00', 8, 4),
(1769, '2021-01-09', '09:30:00', '11:00:00', 7, 86),
(1770, '2021-01-10', '14:30:00', '18:00:00', 5, 37),
(1771, '2021-01-10', '20:30:00', '21:00:00', 4, 51),
(1772, '2021-01-10', '21:00:00', '21:30:00', 9, 36),
(1773, '2021-01-10', '15:30:00', '21:00:00', 6, 12),
(1774, '2021-01-10', '16:30:00', '20:00:00', 7, 9),
(1775, '2021-01-10', '12:00:00', '15:00:00', 1, 54),
(1776, '2021-01-10', '14:30:00', '19:00:00', 8, 7),
(1777, '2021-01-10', '15:30:00', '18:30:00', 14, 27),
(1778, '2021-01-10', '15:00:00', '17:00:00', 2, 82),
(1779, '2021-01-10', '21:00:00', '21:30:00', 3, 60),
(1780, '2021-01-10', '11:30:00', '13:00:00', 10, 21),
(1781, '2021-01-10', '19:00:00', '20:00:00', 5, 23),
(1782, '2021-01-10', '18:30:00', '20:00:00', 12, 30),
(1783, '2021-01-10', '13:30:00', '14:30:00', 4, 24),
(1784, '2021-01-10', '17:30:00', '19:00:00', 3, 63),
(1785, '2021-01-10', '17:30:00', '19:30:00', 10, 33),
(1786, '2021-01-10', '09:00:00', '10:00:00', 12, 23),
(1787, '2021-01-10', '13:00:00', '17:00:00', 3, 17),
(1788, '2021-01-10', '20:30:00', '21:00:00', 2, 99),
(1789, '2021-01-10', '20:00:00', '20:30:00', 9, 66),
(1790, '2021-01-10', '17:30:00', '18:00:00', 1, 78),
(1791, '2021-01-10', '12:30:00', '13:00:00', 4, 20),
(1792, '2021-01-10', '15:00:00', '16:30:00', 9, 33),
(1793, '2021-01-10', '21:00:00', '21:30:00', 13, 100),
(1794, '2021-01-10', '20:30:00', '21:00:00', 10, 68),
(1795, '2021-01-10', '09:30:00', '13:30:00', 11, 39),
(1796, '2021-01-11', '12:00:00', '20:00:00', 5, 44),
(1797, '2021-01-11', '09:00:00', '17:30:00', 4, 86),
(1798, '2021-01-11', '09:00:00', '14:30:00', 2, 22),
(1799, '2021-01-11', '16:00:00', '20:00:00', 12, 1),
(1800, '2021-01-11', '14:30:00', '19:00:00', 13, 16),
(1801, '2021-01-11', '13:00:00', '17:00:00', 10, 99),
(1802, '2021-01-11', '20:00:00', '21:00:00', 3, 83),
(1803, '2021-01-11', '20:30:00', '21:00:00', 14, 87),
(1804, '2021-01-11', '18:30:00', '19:00:00', 3, 5),
(1805, '2021-01-11', '11:00:00', '14:00:00', 11, 27),
(1806, '2021-01-11', '09:30:00', '13:00:00', 8, 60),
(1807, '2021-01-11', '20:30:00', '21:00:00', 4, 46),
(1808, '2021-01-11', '09:00:00', '18:30:00', 14, 47),
(1809, '2021-01-11', '14:00:00', '21:00:00', 9, 9),
(1810, '2021-01-11', '16:30:00', '21:00:00', 8, 88),
(1811, '2021-01-11', '16:30:00', '19:00:00', 1, 19),
(1812, '2021-01-11', '09:30:00', '11:30:00', 10, 64),
(1813, '2021-01-11', '17:00:00', '20:30:00', 2, 68),
(1814, '2021-01-11', '13:00:00', '20:00:00', 6, 98),
(1815, '2021-01-11', '16:30:00', '17:30:00', 11, 29),
(1816, '2021-01-11', '14:00:00', '15:00:00', 12, 45),
(1817, '2021-01-11', '20:30:00', '21:00:00', 10, 17),
(1818, '2021-01-11', '18:00:00', '19:30:00', 10, 3),
(1819, '2021-01-11', '18:30:00', '19:00:00', 7, 39),
(1820, '2021-01-12', '21:00:00', '21:30:00', 11, 96),
(1821, '2021-01-12', '10:00:00', '12:00:00', 11, 36),
(1822, '2021-01-12', '15:30:00', '19:00:00', 3, 56),
(1823, '2021-01-12', '15:30:00', '20:00:00', 14, 97),
(1824, '2021-01-12', '09:30:00', '18:30:00', 2, 48),
(1825, '2021-01-12', '13:00:00', '14:00:00', 6, 92),
(1826, '2021-01-12', '14:30:00', '17:00:00', 7, 71),
(1827, '2021-01-12', '12:00:00', '18:00:00', 5, 22),
(1828, '2021-01-12', '19:00:00', '20:30:00', 5, 12),
(1829, '2021-01-12', '10:30:00', '18:00:00', 10, 56),
(1830, '2021-01-12', '14:30:00', '18:00:00', 4, 62),
(1831, '2021-01-12', '11:00:00', '15:00:00', 3, 27),
(1832, '2021-01-12', '16:30:00', '19:30:00', 13, 75),
(1833, '2021-01-12', '11:30:00', '21:00:00', 1, 22),
(1834, '2021-01-12', '14:30:00', '21:00:00', 9, 75),
(1835, '2021-01-12', '13:00:00', '13:30:00', 7, 84),
(1836, '2021-01-12', '20:30:00', '21:00:00', 6, 95),
(1837, '2021-01-12', '17:30:00', '21:00:00', 7, 92),
(1838, '2021-01-12', '14:30:00', '19:30:00', 8, 34),
(1839, '2021-01-12', '12:30:00', '17:30:00', 12, 9),
(1840, '2021-01-12', '18:30:00', '21:00:00', 12, 69),
(1841, '2021-01-12', '21:00:00', '21:30:00', 3, 28),
(1842, '2021-01-12', '13:00:00', '13:30:00', 14, 61),
(1843, '2021-01-12', '20:30:00', '21:00:00', 13, 35),
(1844, '2021-01-12', '17:30:00', '20:00:00', 6, 9),
(1845, '2021-01-13', '20:00:00', '20:30:00', 14, 13),
(1846, '2021-01-13', '20:00:00', '20:30:00', 5, 16),
(1847, '2021-01-13', '21:00:00', '21:30:00', 5, 47),
(1848, '2021-01-13', '20:30:00', '21:00:00', 8, 86),
(1849, '2021-01-13', '12:00:00', '15:30:00', 13, 64),
(1850, '2021-01-13', '14:30:00', '15:00:00', 6, 65),
(1851, '2021-01-13', '12:30:00', '19:30:00', 3, 32),
(1852, '2021-01-13', '19:00:00', '20:00:00', 10, 52),
(1853, '2021-01-13', '16:30:00', '18:00:00', 9, 3),
(1854, '2021-01-13', '20:00:00', '20:30:00', 13, 94),
(1855, '2021-01-13', '20:00:00', '21:00:00', 6, 39),
(1856, '2021-01-13', '21:00:00', '21:30:00', 4, 4),
(1857, '2021-01-13', '12:00:00', '15:30:00', 2, 44),
(1858, '2021-01-13', '19:00:00', '21:00:00', 7, 76),
(1859, '2021-01-13', '19:00:00', '20:00:00', 11, 4),
(1860, '2021-01-13', '18:00:00', '18:30:00', 1, 4),
(1861, '2021-01-13', '14:00:00', '17:30:00', 4, 8),
(1862, '2021-01-13', '18:00:00', '20:00:00', 8, 6),
(1863, '2021-01-13', '20:30:00', '21:00:00', 2, 2),
(1864, '2021-01-13', '16:30:00', '17:00:00', 1, 50),
(1865, '2021-01-13', '15:30:00', '19:00:00', 14, 27),
(1866, '2021-01-13', '17:30:00', '18:30:00', 7, 88),
(1867, '2021-01-13', '19:30:00', '21:00:00', 12, 97),
(1868, '2021-01-13', '09:30:00', '11:30:00', 7, 6),
(1869, '2021-01-13', '14:30:00', '17:00:00', 5, 53),
(1870, '2021-01-13', '17:30:00', '18:00:00', 12, 69),
(1871, '2021-01-13', '11:30:00', '15:30:00', 10, 20),
(1872, '2021-01-14', '18:00:00', '18:30:00', 10, 26),
(1873, '2021-01-14', '17:30:00', '19:00:00', 12, 43),
(1874, '2021-01-14', '10:00:00', '12:30:00', 12, 14),
(1875, '2021-01-14', '15:00:00', '19:30:00', 4, 19),
(1876, '2021-01-14', '12:30:00', '21:00:00', 14, 31),
(1877, '2021-01-14', '20:00:00', '20:30:00', 8, 92),
(1878, '2021-01-14', '15:00:00', '21:00:00', 3, 64),
(1879, '2021-01-14', '13:30:00', '14:00:00', 7, 6),
(1880, '2021-01-14', '12:00:00', '14:00:00', 11, 30),
(1881, '2021-01-14', '14:00:00', '16:00:00', 5, 19),
(1882, '2021-01-14', '15:00:00', '16:00:00', 1, 87),
(1883, '2021-01-14', '09:30:00', '18:30:00', 9, 26),
(1884, '2021-01-14', '17:30:00', '21:00:00', 1, 78),
(1885, '2021-01-14', '20:30:00', '21:00:00', 4, 53),
(1886, '2021-01-14', '09:00:00', '19:00:00', 13, 99),
(1887, '2021-01-14', '10:30:00', '19:00:00', 8, 7),
(1888, '2021-01-14', '17:30:00', '20:30:00', 5, 89),
(1889, '2021-01-14', '20:30:00', '21:00:00', 13, 60),
(1890, '2021-01-14', '19:30:00', '20:00:00', 9, 71),
(1891, '2021-01-14', '12:30:00', '15:30:00', 6, 59),
(1892, '2021-01-14', '19:00:00', '21:00:00', 11, 52),
(1893, '2021-01-14', '10:00:00', '11:30:00', 3, 67),
(1894, '2021-01-14', '11:00:00', '12:30:00', 7, 92),
(1895, '2021-01-14', '15:30:00', '16:00:00', 10, 75),
(1896, '2021-01-14', '11:00:00', '12:00:00', 5, 16),
(1897, '2021-01-16', '21:00:00', '21:30:00', 12, 11),
(1898, '2021-01-16', '12:30:00', '18:00:00', 9, 22),
(1899, '2021-01-16', '12:00:00', '18:30:00', 1, 64),
(1900, '2021-01-16', '12:00:00', '13:30:00', 11, 81),
(1901, '2021-01-16', '11:30:00', '15:00:00', 14, 80),
(1902, '2021-01-16', '09:30:00', '20:30:00', 4, 63),
(1903, '2021-01-16', '15:00:00', '20:00:00', 10, 32),
(1904, '2021-01-16', '20:00:00', '20:30:00', 3, 90),
(1905, '2021-01-16', '21:00:00', '21:30:00', 4, 84),
(1906, '2021-01-16', '19:00:00', '20:00:00', 2, 24),
(1907, '2021-01-16', '16:30:00', '17:00:00', 12, 85),
(1908, '2021-01-16', '13:30:00', '18:30:00', 6, 82),
(1909, '2021-01-16', '16:00:00', '18:30:00', 2, 66),
(1910, '2021-01-16', '11:30:00', '21:00:00', 5, 76),
(1911, '2021-01-16', '11:00:00', '11:30:00', 2, 39),
(1912, '2021-01-16', '13:30:00', '15:00:00', 3, 55),
(1913, '2021-01-16', '19:00:00', '19:30:00', 3, 9),
(1914, '2021-01-16', '13:00:00', '15:30:00', 8, 42),
(1915, '2021-01-16', '15:30:00', '20:30:00', 14, 85),
(1916, '2021-01-16', '20:00:00', '20:30:00', 7, 95),
(1917, '2021-01-16', '16:30:00', '18:00:00', 13, 48),
(1918, '2021-01-16', '20:00:00', '20:30:00', 12, 32),
(1919, '2021-01-16', '13:00:00', '14:30:00', 10, 4),
(1920, '2021-01-16', '14:00:00', '16:30:00', 7, 12),
(1921, '2021-01-16', '18:00:00', '19:00:00', 7, 70),
(1922, '2021-01-17', '16:00:00', '19:00:00', 6, 45),
(1923, '2021-01-17', '10:00:00', '20:30:00', 2, 71),
(1924, '2021-01-17', '17:00:00', '20:00:00', 13, 41),
(1925, '2021-01-17', '15:30:00', '19:00:00', 10, 21),
(1926, '2021-01-17', '17:00:00', '21:00:00', 14, 13),
(1927, '2021-01-17', '09:00:00', '16:30:00', 9, 7),
(1928, '2021-01-17', '10:30:00', '19:00:00', 11, 74),
(1929, '2021-01-17', '13:30:00', '15:00:00', 7, 9),
(1930, '2021-01-17', '10:30:00', '19:00:00', 12, 61),
(1931, '2021-01-17', '14:30:00', '15:00:00', 14, 66),
(1932, '2021-01-17', '16:30:00', '20:30:00', 4, 70),
(1933, '2021-01-17', '16:00:00', '16:30:00', 14, 64),
(1934, '2021-01-17', '17:30:00', '20:00:00', 7, 98),
(1935, '2021-01-17', '15:00:00', '16:30:00', 13, 29),
(1936, '2021-01-17', '16:00:00', '20:00:00', 5, 67),
(1937, '2021-01-17', '16:30:00', '17:30:00', 3, 21),
(1938, '2021-01-17', '20:30:00', '21:00:00', 7, 55),
(1939, '2021-01-17', '21:00:00', '21:30:00', 10, 52),
(1940, '2021-01-17', '12:30:00', '13:30:00', 13, 72),
(1941, '2021-01-17', '14:30:00', '16:00:00', 3, 65),
(1942, '2021-01-17', '19:00:00', '21:00:00', 1, 45),
(1943, '2021-01-17', '12:00:00', '20:00:00', 8, 51),
(1944, '2021-01-17', '12:00:00', '13:00:00', 10, 59),
(1945, '2021-01-18', '11:30:00', '20:00:00', 3, 13),
(1946, '2021-01-18', '21:00:00', '21:30:00', 5, 60),
(1947, '2021-01-18', '20:00:00', '21:00:00', 11, 58),
(1948, '2021-01-18', '11:00:00', '12:30:00', 6, 71),
(1949, '2021-01-18', '16:30:00', '21:00:00', 4, 53),
(1950, '2021-01-18', '13:00:00', '17:00:00', 7, 47),
(1951, '2021-01-18', '09:00:00', '11:30:00', 4, 75),
(1952, '2021-01-18', '09:00:00', '19:30:00', 5, 48),
(1953, '2021-01-18', '21:00:00', '21:30:00', 14, 48),
(1954, '2021-01-18', '20:00:00', '20:30:00', 12, 27),
(1955, '2021-01-18', '18:00:00', '21:00:00', 13, 61),
(1956, '2021-01-18', '21:00:00', '21:30:00', 9, 31),
(1957, '2021-01-18', '11:30:00', '19:30:00', 9, 83),
(1958, '2021-01-18', '18:30:00', '19:30:00', 10, 61),
(1959, '2021-01-18', '13:00:00', '20:00:00', 2, 52),
(1960, '2021-01-18', '17:30:00', '18:00:00', 10, 100),
(1961, '2021-01-18', '14:00:00', '16:00:00', 13, 74),
(1962, '2021-01-18', '09:00:00', '13:00:00', 10, 38),
(1963, '2021-01-18', '18:30:00', '19:30:00', 7, 87),
(1964, '2021-01-18', '16:30:00', '20:00:00', 1, 69),
(1965, '2021-01-18', '20:00:00', '20:30:00', 10, 72),
(1966, '2021-01-18', '19:00:00', '20:00:00', 6, 88),
(1967, '2021-01-18', '09:00:00', '16:00:00', 14, 46);
INSERT INTO `reserver` (`id`, `date`, `heureDebut`, `heureFin`, `salle_id`, `ligue_id`) VALUES
(1968, '2021-01-18', '16:30:00', '17:30:00', 8, 12),
(1969, '2021-01-19', '19:00:00', '19:30:00', 6, 71),
(1970, '2021-01-19', '13:00:00', '18:00:00', 10, 87),
(1971, '2021-01-19', '13:00:00', '20:30:00', 13, 68),
(1972, '2021-01-19', '13:00:00', '18:30:00', 11, 88),
(1973, '2021-01-19', '16:30:00', '19:30:00', 4, 44),
(1974, '2021-01-19', '14:30:00', '19:00:00', 9, 89),
(1975, '2021-01-19', '11:00:00', '20:00:00', 8, 54),
(1976, '2021-01-19', '20:00:00', '21:00:00', 4, 55),
(1977, '2021-01-19', '16:00:00', '18:30:00', 3, 98),
(1978, '2021-01-19', '09:00:00', '14:00:00', 7, 46),
(1979, '2021-01-19', '18:00:00', '21:00:00', 5, 36),
(1980, '2021-01-19', '12:30:00', '19:00:00', 12, 86),
(1981, '2021-01-19', '16:00:00', '18:00:00', 14, 88),
(1982, '2021-01-19', '10:00:00', '18:00:00', 6, 14),
(1983, '2021-01-19', '19:00:00', '20:00:00', 1, 79),
(1984, '2021-01-19', '18:00:00', '18:30:00', 7, 67),
(1985, '2021-01-19', '20:30:00', '21:00:00', 1, 43),
(1986, '2021-01-19', '17:00:00', '19:30:00', 2, 42),
(1987, '2021-01-19', '20:30:00', '21:00:00', 11, 40),
(1988, '2021-01-19', '17:00:00', '17:30:00', 5, 57),
(1989, '2021-01-19', '14:30:00', '16:00:00', 2, 70),
(1990, '2021-01-19', '12:30:00', '15:00:00', 14, 41),
(1991, '2021-01-19', '21:00:00', '21:30:00', 12, 41),
(1992, '2021-01-19', '20:00:00', '21:00:00', 2, 56),
(1993, '2021-01-20', '13:00:00', '17:30:00', 8, 97),
(1994, '2021-01-20', '21:00:00', '21:30:00', 9, 48),
(1995, '2021-01-20', '20:00:00', '20:30:00', 11, 86),
(1996, '2021-01-20', '16:00:00', '20:00:00', 10, 36),
(1997, '2021-01-20', '09:00:00', '13:30:00', 4, 26),
(1998, '2021-01-20', '20:00:00', '20:30:00', 13, 93),
(1999, '2021-01-20', '17:30:00', '20:30:00', 5, 78),
(2000, '2021-01-20', '14:00:00', '21:00:00', 6, 20),
(2001, '2021-01-20', '21:00:00', '21:30:00', 8, 13),
(2002, '2021-01-20', '17:00:00', '18:30:00', 1, 94),
(2003, '2021-01-20', '11:30:00', '20:30:00', 9, 72),
(2004, '2021-01-20', '19:00:00', '21:00:00', 7, 11),
(2005, '2021-01-20', '13:00:00', '16:00:00', 3, 9),
(2006, '2021-01-20', '19:00:00', '20:00:00', 1, 48),
(2007, '2021-01-20', '10:00:00', '14:00:00', 7, 96),
(2008, '2021-01-20', '09:00:00', '15:30:00', 12, 36),
(2009, '2021-01-20', '21:00:00', '21:30:00', 12, 30),
(2010, '2021-01-20', '20:30:00', '21:00:00', 1, 43),
(2011, '2021-01-20', '12:00:00', '20:30:00', 14, 73),
(2012, '2021-01-20', '12:30:00', '16:30:00', 1, 78),
(2013, '2021-01-20', '14:30:00', '17:30:00', 7, 59),
(2014, '2021-01-20', '18:00:00', '19:30:00', 2, 85),
(2015, '2021-01-20', '14:00:00', '15:30:00', 13, 29),
(2016, '2021-01-20', '20:00:00', '20:30:00', 2, 40),
(2017, '2021-01-20', '12:30:00', '16:00:00', 11, 95),
(2018, '2021-01-21', '14:00:00', '16:30:00', 12, 78),
(2019, '2021-01-21', '14:00:00', '17:00:00', 11, 65),
(2020, '2021-01-21', '12:00:00', '19:00:00', 5, 63),
(2021, '2021-01-21', '11:00:00', '18:30:00', 7, 47),
(2022, '2021-01-21', '10:00:00', '19:00:00', 4, 40),
(2023, '2021-01-21', '20:00:00', '20:30:00', 5, 53),
(2024, '2021-01-21', '16:00:00', '18:00:00', 1, 66),
(2025, '2021-01-21', '18:30:00', '19:30:00', 1, 74),
(2026, '2021-01-21', '19:30:00', '21:00:00', 4, 56),
(2027, '2021-01-21', '12:00:00', '14:00:00', 13, 7),
(2028, '2021-01-21', '16:00:00', '20:00:00', 6, 86),
(2029, '2021-01-21', '09:00:00', '16:30:00', 2, 42),
(2030, '2021-01-21', '20:30:00', '21:00:00', 1, 34),
(2031, '2021-01-21', '15:30:00', '17:30:00', 13, 98),
(2032, '2021-01-21', '18:30:00', '20:00:00', 10, 16),
(2033, '2021-01-21', '20:00:00', '21:00:00', 7, 55),
(2034, '2021-01-21', '17:30:00', '19:00:00', 11, 83),
(2035, '2021-01-21', '21:00:00', '21:30:00', 14, 83),
(2036, '2021-01-21', '21:00:00', '21:30:00', 9, 98),
(2037, '2021-01-21', '18:00:00', '20:30:00', 3, 2),
(2038, '2021-01-21', '20:00:00', '20:30:00', 9, 84),
(2039, '2021-01-21', '19:00:00', '20:30:00', 12, 35),
(2040, '2021-01-21', '20:00:00', '20:30:00', 13, 76),
(2041, '2021-01-23', '14:30:00', '18:00:00', 12, 100),
(2042, '2021-01-23', '20:30:00', '21:00:00', 14, 64),
(2043, '2021-01-23', '21:00:00', '21:30:00', 12, 91),
(2044, '2021-01-23', '15:00:00', '20:00:00', 5, 21),
(2045, '2021-01-23', '14:00:00', '14:30:00', 11, 100),
(2046, '2021-01-23', '19:00:00', '21:00:00', 8, 93),
(2047, '2021-01-23', '18:30:00', '19:30:00', 4, 29),
(2048, '2021-01-23', '18:00:00', '19:00:00', 14, 4),
(2049, '2021-01-23', '19:30:00', '20:00:00', 12, 82),
(2050, '2021-01-23', '20:00:00', '20:30:00', 13, 80),
(2051, '2021-01-23', '16:00:00', '19:30:00', 2, 69),
(2052, '2021-01-23', '20:00:00', '20:30:00', 10, 70),
(2053, '2021-01-23', '19:30:00', '20:30:00', 9, 32),
(2054, '2021-01-23', '14:30:00', '17:30:00', 6, 49),
(2055, '2021-01-23', '19:30:00', '20:00:00', 7, 25),
(2056, '2021-01-23', '21:00:00', '21:30:00', 7, 54),
(2057, '2021-01-23', '13:30:00', '14:30:00', 10, 40),
(2058, '2021-01-23', '11:00:00', '12:00:00', 14, 22),
(2059, '2021-01-23', '11:30:00', '13:00:00', 2, 26),
(2060, '2021-01-23', '14:00:00', '14:30:00', 4, 87),
(2061, '2021-01-23', '09:00:00', '12:30:00', 6, 94),
(2062, '2021-01-23', '21:00:00', '21:30:00', 3, 69),
(2063, '2021-01-23', '20:30:00', '21:00:00', 5, 14),
(2064, '2021-01-23', '21:00:00', '21:30:00', 6, 72),
(2065, '2021-01-24', '16:00:00', '19:30:00', 12, 60),
(2066, '2021-01-24', '16:00:00', '21:00:00', 13, 22),
(2067, '2021-01-24', '10:00:00', '13:30:00', 14, 89),
(2068, '2021-01-24', '15:00:00', '16:30:00', 1, 90),
(2069, '2021-01-24', '20:30:00', '21:00:00', 8, 60),
(2070, '2021-01-24', '20:30:00', '21:00:00', 7, 35),
(2071, '2021-01-24', '11:00:00', '17:00:00', 4, 40),
(2072, '2021-01-24', '12:30:00', '13:00:00', 7, 74),
(2073, '2021-01-24', '12:00:00', '15:00:00', 10, 45),
(2074, '2021-01-24', '19:00:00', '20:00:00', 5, 62),
(2075, '2021-01-24', '15:30:00', '18:30:00', 7, 33),
(2076, '2021-01-24', '18:30:00', '21:00:00', 11, 98),
(2077, '2021-01-24', '20:00:00', '21:00:00', 4, 62),
(2078, '2021-01-24', '18:30:00', '19:30:00', 1, 71),
(2079, '2021-01-24', '19:30:00', '20:00:00', 10, 51),
(2080, '2021-01-24', '09:30:00', '15:30:00', 3, 39),
(2081, '2021-01-24', '11:30:00', '21:00:00', 2, 47),
(2082, '2021-01-24', '17:30:00', '18:00:00', 8, 35),
(2083, '2021-01-24', '15:00:00', '16:30:00', 8, 19),
(2084, '2021-01-24', '11:00:00', '12:30:00', 6, 22),
(2085, '2021-01-24', '18:00:00', '21:00:00', 3, 32),
(2086, '2021-01-24', '10:30:00', '12:00:00', 5, 33),
(2087, '2021-01-24', '09:00:00', '09:30:00', 2, 52),
(2088, '2021-01-24', '15:30:00', '17:00:00', 11, 79),
(2089, '2021-01-25', '16:30:00', '21:00:00', 11, 62),
(2090, '2021-01-25', '12:00:00', '20:30:00', 6, 68),
(2091, '2021-01-25', '10:00:00', '19:30:00', 9, 15),
(2092, '2021-01-25', '17:30:00', '20:00:00', 12, 69),
(2093, '2021-01-25', '17:00:00', '21:00:00', 10, 86),
(2094, '2021-01-25', '20:00:00', '20:30:00', 3, 13),
(2095, '2021-01-25', '13:30:00', '20:00:00', 7, 58),
(2096, '2021-01-25', '17:00:00', '20:00:00', 5, 10),
(2097, '2021-01-25', '13:30:00', '19:30:00', 1, 17),
(2098, '2021-01-25', '17:00:00', '17:30:00', 2, 67),
(2099, '2021-01-25', '21:00:00', '21:30:00', 3, 76),
(2100, '2021-01-25', '21:00:00', '21:30:00', 13, 72),
(2101, '2021-01-25', '16:00:00', '20:30:00', 4, 70),
(2102, '2021-01-25', '12:30:00', '21:00:00', 14, 82),
(2103, '2021-01-25', '16:00:00', '18:30:00', 13, 27),
(2104, '2021-01-25', '16:30:00', '18:30:00', 8, 39),
(2105, '2021-01-25', '11:30:00', '16:00:00', 8, 25),
(2106, '2021-01-25', '20:30:00', '21:00:00', 9, 66),
(2107, '2021-01-25', '09:30:00', '15:00:00', 4, 3),
(2108, '2021-01-25', '10:00:00', '15:30:00', 10, 36),
(2109, '2021-01-25', '18:30:00', '20:00:00', 2, 53),
(2110, '2021-01-25', '09:00:00', '13:00:00', 1, 27),
(2111, '2021-01-25', '14:30:00', '16:00:00', 2, 7),
(2112, '2021-01-26', '09:00:00', '19:00:00', 5, 3),
(2113, '2021-01-26', '11:30:00', '18:00:00', 7, 89),
(2114, '2021-01-26', '11:30:00', '14:00:00', 4, 35),
(2115, '2021-01-26', '17:30:00', '19:00:00', 11, 83),
(2116, '2021-01-26', '17:30:00', '20:00:00', 1, 51),
(2117, '2021-01-26', '13:30:00', '17:30:00', 9, 79),
(2118, '2021-01-26', '17:30:00', '18:00:00', 6, 86),
(2119, '2021-01-26', '15:30:00', '19:30:00', 4, 12),
(2120, '2021-01-26', '13:30:00', '18:30:00', 14, 31),
(2121, '2021-01-26', '17:30:00', '18:30:00', 2, 59),
(2122, '2021-01-26', '11:00:00', '20:00:00', 8, 31),
(2123, '2021-01-26', '16:30:00', '18:00:00', 12, 49),
(2124, '2021-01-26', '20:00:00', '21:00:00', 9, 72),
(2125, '2021-01-26', '09:30:00', '13:00:00', 11, 69),
(2126, '2021-01-26', '17:00:00', '18:30:00', 3, 12),
(2127, '2021-01-26', '09:00:00', '18:30:00', 13, 100),
(2128, '2021-01-26', '09:00:00', '12:00:00', 10, 37),
(2129, '2021-01-26', '13:30:00', '14:30:00', 2, 44),
(2130, '2021-01-26', '16:30:00', '17:00:00', 11, 41),
(2131, '2021-01-26', '19:30:00', '20:00:00', 7, 22),
(2132, '2021-01-26', '19:00:00', '20:30:00', 12, 10),
(2133, '2021-01-26', '21:00:00', '21:30:00', 8, 54),
(2134, '2021-01-26', '20:30:00', '21:00:00', 5, 93),
(2135, '2021-01-27', '13:30:00', '17:00:00', 6, 12),
(2136, '2021-01-27', '19:30:00', '21:00:00', 14, 56),
(2137, '2021-01-27', '14:00:00', '15:00:00', 8, 23),
(2138, '2021-01-27', '11:30:00', '16:30:00', 5, 39),
(2139, '2021-01-27', '18:00:00', '21:00:00', 7, 18),
(2140, '2021-01-27', '20:30:00', '21:00:00', 6, 45),
(2141, '2021-01-27', '20:00:00', '21:00:00', 4, 45),
(2142, '2021-01-27', '10:30:00', '16:30:00', 1, 67),
(2143, '2021-01-27', '14:30:00', '16:00:00', 13, 97),
(2144, '2021-01-27', '16:30:00', '17:00:00', 8, 96),
(2145, '2021-01-27', '09:30:00', '14:30:00', 9, 97),
(2146, '2021-01-27', '13:30:00', '16:30:00', 4, 59),
(2147, '2021-01-27', '09:00:00', '09:30:00', 3, 54),
(2148, '2021-01-27', '14:00:00', '15:30:00', 11, 91),
(2149, '2021-01-27', '09:00:00', '11:00:00', 10, 54),
(2150, '2021-01-27', '15:00:00', '15:30:00', 2, 71),
(2151, '2021-01-27', '12:00:00', '20:00:00', 10, 15),
(2152, '2021-01-27', '09:00:00', '10:00:00', 6, 40),
(2153, '2021-01-27', '10:30:00', '12:00:00', 6, 15),
(2154, '2021-01-27', '19:30:00', '20:00:00', 5, 85),
(2155, '2021-01-27', '13:30:00', '17:30:00', 7, 17),
(2156, '2021-01-27', '14:30:00', '18:30:00', 12, 10),
(2157, '2021-01-27', '18:00:00', '19:00:00', 13, 62),
(2158, '2021-01-28', '17:30:00', '19:00:00', 3, 46),
(2159, '2021-01-28', '16:00:00', '21:00:00', 11, 59),
(2160, '2021-01-28', '12:00:00', '19:30:00', 7, 99),
(2161, '2021-01-28', '13:30:00', '17:00:00', 9, 71),
(2162, '2021-01-28', '15:30:00', '16:30:00', 2, 4),
(2163, '2021-01-28', '11:30:00', '20:00:00', 1, 65),
(2164, '2021-01-28', '10:30:00', '13:00:00', 5, 79),
(2165, '2021-01-28', '19:00:00', '20:30:00', 8, 40),
(2166, '2021-01-28', '10:30:00', '19:30:00', 10, 73),
(2167, '2021-01-28', '20:00:00', '20:30:00', 7, 7),
(2168, '2021-01-28', '12:30:00', '13:30:00', 8, 57),
(2169, '2021-01-28', '20:30:00', '21:00:00', 2, 58),
(2170, '2021-01-28', '14:00:00', '17:00:00', 4, 39),
(2171, '2021-01-28', '17:00:00', '19:30:00', 6, 91),
(2172, '2021-01-28', '19:00:00', '20:00:00', 14, 45),
(2173, '2021-01-28', '20:30:00', '21:00:00', 14, 71),
(2174, '2021-01-28', '09:00:00', '10:30:00', 12, 87),
(2175, '2021-01-28', '14:30:00', '17:00:00', 5, 78),
(2176, '2021-01-28', '12:00:00', '14:00:00', 6, 11),
(2177, '2021-01-28', '17:30:00', '19:00:00', 5, 86),
(2178, '2021-01-28', '20:00:00', '20:30:00', 3, 40),
(2179, '2021-01-30', '16:00:00', '17:30:00', 6, 83),
(2180, '2021-01-30', '09:00:00', '17:00:00', 9, 89),
(2181, '2021-01-30', '20:30:00', '21:00:00', 4, 82),
(2182, '2021-01-30', '12:30:00', '15:30:00', 13, 3),
(2183, '2021-01-30', '14:00:00', '21:00:00', 12, 25),
(2184, '2021-01-30', '10:00:00', '19:00:00', 10, 32),
(2185, '2021-01-30', '09:30:00', '13:30:00', 2, 6),
(2186, '2021-01-30', '21:00:00', '21:30:00', 13, 68),
(2187, '2021-01-30', '13:00:00', '17:00:00', 1, 19),
(2188, '2021-01-30', '09:30:00', '20:30:00', 5, 43),
(2189, '2021-01-30', '13:30:00', '17:30:00', 7, 50),
(2190, '2021-01-30', '20:30:00', '21:00:00', 1, 1),
(2191, '2021-01-30', '15:30:00', '16:00:00', 8, 11),
(2192, '2021-01-30', '14:30:00', '15:00:00', 14, 81),
(2193, '2021-01-30', '17:30:00', '21:00:00', 14, 49),
(2194, '2021-01-30', '15:30:00', '20:30:00', 2, 28),
(2195, '2021-01-30', '18:00:00', '21:00:00', 3, 17),
(2196, '2021-01-30', '20:00:00', '21:00:00', 9, 33),
(2197, '2021-01-30', '18:30:00', '19:30:00', 9, 9),
(2198, '2021-01-30', '18:00:00', '20:00:00', 4, 90),
(2199, '2021-01-30', '09:00:00', '19:30:00', 11, 64),
(2200, '2021-01-30', '19:00:00', '20:00:00', 7, 24),
(2201, '2021-01-30', '14:00:00', '15:00:00', 8, 97),
(2202, '2021-01-31', '21:00:00', '21:30:00', 13, 6),
(2203, '2021-01-31', '15:30:00', '20:30:00', 5, 60),
(2204, '2021-01-31', '13:30:00', '15:00:00', 13, 88),
(2205, '2021-01-31', '17:00:00', '18:00:00', 3, 53),
(2206, '2021-01-31', '11:00:00', '21:00:00', 6, 16),
(2207, '2021-01-31', '20:30:00', '21:00:00', 7, 44),
(2208, '2021-01-31', '13:00:00', '13:30:00', 7, 90),
(2209, '2021-01-31', '21:00:00', '21:30:00', 14, 80),
(2210, '2021-01-31', '17:00:00', '19:00:00', 1, 76),
(2211, '2021-01-31', '16:00:00', '19:30:00', 4, 92),
(2212, '2021-01-31', '20:00:00', '21:00:00', 4, 82),
(2213, '2021-01-31', '11:00:00', '16:30:00', 1, 88),
(2214, '2021-01-31', '10:00:00', '13:00:00', 10, 9),
(2215, '2021-01-31', '20:00:00', '21:00:00', 11, 94),
(2216, '2021-01-31', '15:30:00', '18:00:00', 9, 77),
(2217, '2021-01-31', '13:30:00', '18:30:00', 2, 52),
(2218, '2021-01-31', '10:00:00', '11:00:00', 11, 31),
(2219, '2021-01-31', '10:30:00', '16:30:00', 8, 14),
(2220, '2021-01-31', '20:00:00', '21:00:00', 2, 65),
(2221, '2021-01-31', '19:30:00', '21:00:00', 9, 7),
(2222, '2021-01-31', '14:30:00', '18:30:00', 14, 70),
(2223, '2021-01-31', '15:30:00', '17:30:00', 11, 92),
(2224, '2021-02-01', '16:30:00', '17:30:00', 7, 17),
(2225, '2021-02-01', '09:00:00', '18:30:00', 8, 96),
(2226, '2021-02-01', '14:30:00', '20:30:00', 5, 47),
(2227, '2021-02-01', '13:30:00', '19:30:00', 3, 57),
(2228, '2021-02-01', '17:00:00', '20:00:00', 9, 61),
(2229, '2021-02-01', '15:00:00', '19:00:00', 1, 59),
(2230, '2021-02-01', '18:00:00', '18:30:00', 2, 61),
(2231, '2021-02-01', '21:00:00', '21:30:00', 9, 56),
(2232, '2021-02-01', '15:00:00', '15:30:00', 14, 8),
(2233, '2021-02-01', '20:00:00', '21:00:00', 4, 24),
(2234, '2021-02-01', '17:00:00', '18:00:00', 6, 8),
(2235, '2021-02-01', '20:30:00', '21:00:00', 12, 21),
(2236, '2021-02-01', '17:00:00', '19:00:00', 14, 14),
(2237, '2021-02-01', '12:00:00', '17:30:00', 11, 95),
(2238, '2021-02-01', '16:30:00', '19:00:00', 4, 79),
(2239, '2021-02-01', '17:30:00', '21:00:00', 13, 67),
(2240, '2021-02-01', '15:30:00', '16:30:00', 9, 11),
(2241, '2021-02-01', '19:00:00', '19:30:00', 11, 24),
(2242, '2021-02-01', '19:30:00', '21:00:00', 2, 98),
(2243, '2021-02-01', '21:00:00', '21:30:00', 3, 68),
(2244, '2021-02-01', '09:00:00', '19:00:00', 12, 17),
(2245, '2021-02-01', '09:00:00', '14:00:00', 6, 57),
(2246, '2021-02-02', '10:30:00', '14:30:00', 13, 72),
(2247, '2021-02-02', '13:00:00', '20:00:00', 4, 15),
(2248, '2021-02-02', '17:30:00', '18:00:00', 6, 71),
(2249, '2021-02-02', '11:00:00', '19:30:00', 1, 91),
(2250, '2021-02-02', '19:30:00', '21:00:00', 14, 99),
(2251, '2021-02-02', '17:00:00', '18:00:00', 7, 1),
(2252, '2021-02-02', '13:00:00', '20:00:00', 11, 53),
(2253, '2021-02-02', '14:00:00', '20:30:00', 8, 58),
(2254, '2021-02-02', '12:00:00', '15:00:00', 9, 43),
(2255, '2021-02-02', '10:30:00', '17:00:00', 12, 89),
(2256, '2021-02-02', '20:30:00', '21:00:00', 4, 29),
(2257, '2021-02-02', '09:30:00', '15:30:00', 10, 87),
(2258, '2021-02-02', '10:00:00', '11:30:00', 8, 48),
(2259, '2021-02-02', '12:00:00', '14:30:00', 6, 80),
(2260, '2021-02-02', '09:30:00', '10:30:00', 14, 18),
(2261, '2021-02-02', '12:00:00', '14:30:00', 14, 92),
(2262, '2021-02-02', '09:30:00', '16:30:00', 3, 24),
(2263, '2021-02-02', '21:00:00', '21:30:00', 1, 33),
(2264, '2021-02-02', '15:30:00', '16:30:00', 6, 23),
(2265, '2021-02-02', '18:30:00', '21:00:00', 12, 18),
(2266, '2021-02-02', '10:00:00', '17:30:00', 2, 17),
(2267, '2021-02-02', '16:00:00', '17:00:00', 14, 73),
(2268, '2021-02-02', '19:00:00', '21:00:00', 9, 95),
(2269, '2021-02-02', '20:30:00', '21:00:00', 2, 20),
(2270, '2021-02-03', '13:00:00', '16:00:00', 9, 55),
(2271, '2021-02-03', '17:30:00', '19:30:00', 3, 42),
(2272, '2021-02-03', '11:00:00', '13:00:00', 5, 75),
(2273, '2021-02-03', '20:30:00', '21:00:00', 12, 12),
(2274, '2021-02-03', '17:00:00', '20:30:00', 14, 13),
(2275, '2021-02-03', '13:30:00', '14:00:00', 8, 84),
(2276, '2021-02-03', '12:30:00', '13:30:00', 11, 49),
(2277, '2021-02-03', '20:30:00', '21:00:00', 9, 26),
(2278, '2021-02-03', '15:30:00', '19:30:00', 11, 81),
(2279, '2021-02-03', '12:00:00', '13:30:00', 14, 62),
(2280, '2021-02-03', '20:00:00', '21:00:00', 4, 93),
(2281, '2021-02-03', '18:30:00', '20:30:00', 2, 81),
(2282, '2021-02-03', '19:30:00', '20:00:00', 12, 78),
(2283, '2021-02-03', '12:30:00', '13:00:00', 12, 45),
(2284, '2021-02-03', '17:30:00', '18:30:00', 9, 57),
(2285, '2021-02-03', '18:30:00', '20:30:00', 1, 38),
(2286, '2021-02-03', '18:00:00', '21:00:00', 8, 90),
(2287, '2021-02-03', '15:00:00', '16:00:00', 4, 90),
(2288, '2021-02-03', '13:00:00', '17:00:00', 2, 81),
(2289, '2021-02-03', '09:30:00', '12:00:00', 12, 20),
(2290, '2021-02-03', '11:00:00', '13:30:00', 13, 45),
(2291, '2021-02-03', '09:00:00', '09:30:00', 1, 37),
(2292, '2021-02-03', '14:30:00', '15:00:00', 3, 87),
(2293, '2021-02-04', '15:00:00', '17:00:00', 9, 4),
(2294, '2021-02-04', '10:30:00', '13:30:00', 9, 95),
(2295, '2021-02-04', '09:30:00', '10:30:00', 4, 68),
(2296, '2021-02-04', '12:00:00', '16:30:00', 7, 40),
(2297, '2021-02-04', '20:30:00', '21:00:00', 4, 62),
(2298, '2021-02-04', '18:00:00', '19:30:00', 11, 29),
(2299, '2021-02-04', '18:30:00', '19:30:00', 12, 22),
(2300, '2021-02-04', '11:00:00', '15:30:00', 10, 38),
(2301, '2021-02-04', '17:00:00', '18:00:00', 10, 45),
(2302, '2021-02-04', '12:30:00', '14:00:00', 8, 94),
(2303, '2021-02-04', '16:30:00', '18:00:00', 8, 5),
(2304, '2021-02-04', '16:30:00', '19:30:00', 6, 78),
(2305, '2021-02-04', '10:00:00', '11:00:00', 13, 13),
(2306, '2021-02-04', '18:00:00', '18:30:00', 7, 20),
(2307, '2021-02-04', '15:30:00', '18:30:00', 3, 27),
(2308, '2021-02-04', '17:30:00', '20:30:00', 14, 89),
(2309, '2021-02-04', '19:00:00', '21:00:00', 7, 56),
(2310, '2021-02-04', '10:30:00', '17:00:00', 11, 96),
(2311, '2021-02-04', '19:00:00', '20:00:00', 3, 26),
(2312, '2021-02-04', '13:30:00', '14:30:00', 1, 82),
(2313, '2021-02-04', '18:30:00', '20:30:00', 9, 5),
(2314, '2021-02-04', '20:00:00', '20:30:00', 8, 74),
(2315, '2021-02-06', '20:00:00', '20:30:00', 10, 32),
(2316, '2021-02-06', '18:00:00', '20:00:00', 11, 35),
(2317, '2021-02-06', '11:30:00', '20:00:00', 5, 38),
(2318, '2021-02-06', '15:00:00', '18:30:00', 14, 33),
(2319, '2021-02-06', '09:30:00', '11:00:00', 13, 58),
(2320, '2021-02-06', '17:00:00', '19:00:00', 6, 97),
(2321, '2021-02-06', '21:00:00', '21:30:00', 13, 84),
(2322, '2021-02-06', '12:00:00', '13:30:00', 2, 57),
(2323, '2021-02-06', '19:00:00', '20:00:00', 8, 72),
(2324, '2021-02-06', '20:30:00', '21:00:00', 3, 34),
(2325, '2021-02-06', '20:30:00', '21:00:00', 7, 44),
(2326, '2021-02-06', '14:30:00', '16:00:00', 6, 93),
(2327, '2021-02-06', '12:00:00', '19:00:00', 7, 28),
(2328, '2021-02-06', '13:00:00', '18:00:00', 4, 28),
(2329, '2021-02-06', '13:00:00', '19:00:00', 9, 72),
(2330, '2021-02-06', '10:00:00', '12:30:00', 8, 86),
(2331, '2021-02-06', '14:00:00', '19:30:00', 10, 96),
(2332, '2021-02-06', '14:00:00', '16:30:00', 13, 2),
(2333, '2021-02-06', '11:00:00', '12:00:00', 9, 12),
(2334, '2021-02-06', '19:30:00', '20:00:00', 6, 27),
(2335, '2021-02-06', '18:00:00', '18:30:00', 3, 82),
(2336, '2021-02-07', '19:00:00', '19:30:00', 12, 96),
(2337, '2021-02-07', '12:00:00', '17:00:00', 5, 3),
(2338, '2021-02-07', '16:30:00', '19:30:00', 10, 17),
(2339, '2021-02-07', '20:00:00', '21:00:00', 5, 2),
(2340, '2021-02-07', '09:30:00', '16:30:00', 3, 67),
(2341, '2021-02-07', '10:00:00', '11:30:00', 4, 91),
(2342, '2021-02-07', '20:00:00', '20:30:00', 11, 71),
(2343, '2021-02-07', '10:00:00', '17:30:00', 6, 58),
(2344, '2021-02-07', '11:00:00', '17:00:00', 12, 68),
(2345, '2021-02-07', '11:30:00', '20:00:00', 2, 53),
(2346, '2021-02-07', '20:30:00', '21:00:00', 1, 1),
(2347, '2021-02-07', '14:00:00', '19:00:00', 8, 16),
(2348, '2021-02-07', '10:00:00', '17:00:00', 7, 95),
(2349, '2021-02-07', '11:30:00', '13:30:00', 10, 10),
(2350, '2021-02-07', '18:30:00', '19:30:00', 6, 71),
(2351, '2021-02-07', '15:00:00', '17:30:00', 11, 66),
(2352, '2021-02-07', '11:00:00', '15:30:00', 14, 23),
(2353, '2021-02-07', '17:30:00', '21:00:00', 4, 33),
(2354, '2021-02-07', '18:00:00', '20:00:00', 3, 90),
(2355, '2021-02-07', '19:30:00', '20:00:00', 1, 11),
(2356, '2021-02-07', '12:00:00', '15:00:00', 1, 62),
(2357, '2021-02-08', '15:00:00', '16:00:00', 8, 53),
(2358, '2021-02-08', '19:30:00', '21:00:00', 4, 95),
(2359, '2021-02-08', '17:00:00', '21:00:00', 14, 36),
(2360, '2021-02-08', '12:00:00', '16:30:00', 10, 85),
(2361, '2021-02-08', '20:30:00', '21:00:00', 3, 56),
(2362, '2021-02-08', '12:00:00', '17:30:00', 9, 84),
(2363, '2021-02-08', '15:30:00', '17:00:00', 12, 87),
(2364, '2021-02-08', '19:00:00', '21:00:00', 5, 70),
(2365, '2021-02-08', '09:00:00', '12:00:00', 13, 91),
(2366, '2021-02-08', '20:30:00', '21:00:00', 9, 11),
(2367, '2021-02-08', '20:30:00', '21:00:00', 13, 69),
(2368, '2021-02-08', '19:00:00', '21:00:00', 6, 45),
(2369, '2021-02-08', '10:00:00', '13:30:00', 14, 24),
(2370, '2021-02-08', '10:30:00', '13:00:00', 2, 8),
(2371, '2021-02-08', '09:00:00', '11:30:00', 11, 71),
(2372, '2021-02-08', '17:00:00', '19:30:00', 8, 14),
(2373, '2021-02-08', '20:00:00', '20:30:00', 1, 53),
(2374, '2021-02-08', '09:30:00', '19:00:00', 3, 27),
(2375, '2021-02-08', '09:00:00', '13:00:00', 1, 30),
(2376, '2021-02-08', '21:00:00', '21:30:00', 10, 29),
(2377, '2021-02-08', '11:00:00', '15:00:00', 4, 97),
(2378, '2021-02-08', '18:00:00', '18:30:00', 1, 23),
(2379, '2021-02-08', '17:30:00', '19:30:00', 10, 27),
(2380, '2021-02-09', '10:00:00', '17:00:00', 7, 77),
(2381, '2021-02-09', '16:00:00', '16:30:00', 12, 66),
(2382, '2021-02-09', '14:30:00', '20:30:00', 3, 37),
(2383, '2021-02-09', '10:30:00', '15:30:00', 4, 94),
(2384, '2021-02-09', '17:00:00', '21:00:00', 9, 89),
(2385, '2021-02-09', '20:30:00', '21:00:00', 4, 86),
(2386, '2021-02-09', '19:30:00', '21:00:00', 6, 95),
(2387, '2021-02-09', '11:30:00', '12:00:00', 5, 41),
(2388, '2021-02-09', '14:30:00', '17:00:00', 2, 59),
(2389, '2021-02-09', '09:00:00', '16:30:00', 13, 48),
(2390, '2021-02-09', '20:30:00', '21:00:00', 10, 20),
(2391, '2021-02-09', '20:00:00', '21:00:00', 2, 90),
(2392, '2021-02-09', '19:30:00', '20:00:00', 5, 48),
(2393, '2021-02-09', '15:30:00', '16:30:00', 8, 15),
(2394, '2021-02-09', '20:30:00', '21:00:00', 13, 47),
(2395, '2021-02-09', '10:30:00', '17:30:00', 1, 60),
(2396, '2021-02-09', '15:00:00', '18:00:00', 5, 15),
(2397, '2021-02-09', '10:00:00', '12:30:00', 2, 8),
(2398, '2021-02-09', '20:00:00', '21:00:00', 12, 26),
(2399, '2021-02-09', '19:30:00', '20:00:00', 14, 3),
(2400, '2021-02-09', '13:00:00', '18:00:00', 11, 45),
(2401, '2021-02-09', '19:30:00', '20:00:00', 10, 57),
(2402, '2021-02-10', '16:00:00', '19:30:00', 10, 26),
(2403, '2021-02-10', '18:00:00', '19:30:00', 2, 65),
(2404, '2021-02-10', '12:30:00', '13:00:00', 14, 17),
(2405, '2021-02-10', '09:00:00', '16:30:00', 9, 97),
(2406, '2021-02-10', '21:00:00', '21:30:00', 8, 97),
(2407, '2021-02-10', '12:00:00', '18:30:00', 11, 7),
(2408, '2021-02-10', '14:30:00', '18:00:00', 8, 58),
(2409, '2021-02-10', '09:30:00', '13:00:00', 10, 58),
(2410, '2021-02-10', '20:30:00', '21:00:00', 10, 35),
(2411, '2021-02-10', '11:00:00', '21:00:00', 7, 76),
(2412, '2021-02-10', '09:00:00', '20:30:00', 1, 42),
(2413, '2021-02-10', '11:00:00', '17:30:00', 6, 8),
(2414, '2021-02-10', '13:00:00', '14:30:00', 12, 14),
(2415, '2021-02-10', '21:00:00', '21:30:00', 13, 35),
(2416, '2021-02-10', '18:00:00', '20:30:00', 13, 57),
(2417, '2021-02-10', '10:30:00', '15:30:00', 5, 29),
(2418, '2021-02-10', '14:30:00', '16:00:00', 3, 44),
(2419, '2021-02-10', '17:30:00', '19:30:00', 3, 30),
(2420, '2021-02-10', '20:00:00', '20:30:00', 2, 58),
(2421, '2021-02-10', '20:30:00', '21:00:00', 12, 17),
(2422, '2021-02-11', '18:00:00', '21:00:00', 10, 77),
(2423, '2021-02-11', '13:00:00', '17:00:00', 6, 17),
(2424, '2021-02-11', '17:00:00', '20:00:00', 12, 83),
(2425, '2021-02-11', '16:30:00', '19:00:00', 3, 9),
(2426, '2021-02-11', '19:30:00', '20:00:00', 8, 25),
(2427, '2021-02-11', '11:30:00', '20:30:00', 11, 97),
(2428, '2021-02-11', '10:00:00', '11:30:00', 5, 69),
(2429, '2021-02-11', '12:00:00', '17:00:00', 1, 80),
(2430, '2021-02-11', '15:00:00', '15:30:00', 2, 51),
(2431, '2021-02-11', '14:30:00', '18:30:00', 5, 32),
(2432, '2021-02-11', '17:00:00', '19:30:00', 13, 88),
(2433, '2021-02-11', '15:00:00', '20:30:00', 9, 61),
(2434, '2021-02-11', '20:30:00', '21:00:00', 4, 90),
(2435, '2021-02-11', '19:00:00', '19:30:00', 2, 56),
(2436, '2021-02-11', '09:30:00', '16:30:00', 12, 35),
(2437, '2021-02-11', '20:30:00', '21:00:00', 2, 61),
(2438, '2021-02-11', '14:00:00', '14:30:00', 13, 30),
(2439, '2021-02-11', '14:00:00', '19:30:00', 7, 11),
(2440, '2021-02-11', '12:00:00', '17:00:00', 10, 29),
(2441, '2021-02-11', '13:30:00', '14:00:00', 3, 7),
(2442, '2021-02-13', '18:00:00', '21:00:00', 3, 39),
(2443, '2021-02-13', '15:30:00', '17:30:00', 4, 28),
(2444, '2021-02-13', '09:00:00', '15:30:00', 5, 82),
(2445, '2021-02-13', '11:30:00', '15:30:00', 12, 88),
(2446, '2021-02-13', '11:00:00', '18:00:00', 1, 57),
(2447, '2021-02-13', '20:30:00', '21:00:00', 10, 95),
(2448, '2021-02-13', '21:00:00', '21:30:00', 1, 67),
(2449, '2021-02-13', '20:30:00', '21:00:00', 8, 43),
(2450, '2021-02-13', '11:30:00', '17:30:00', 7, 36),
(2451, '2021-02-13', '09:00:00', '12:00:00', 4, 25),
(2452, '2021-02-13', '20:00:00', '21:00:00', 12, 24),
(2453, '2021-02-13', '20:00:00', '20:30:00', 13, 49),
(2454, '2021-02-13', '15:00:00', '16:00:00', 14, 92),
(2455, '2021-02-13', '10:30:00', '13:30:00', 2, 20),
(2456, '2021-02-13', '12:30:00', '16:00:00', 8, 13),
(2457, '2021-02-13', '17:30:00', '18:30:00', 9, 27),
(2458, '2021-02-13', '20:30:00', '21:00:00', 4, 11),
(2459, '2021-02-13', '13:00:00', '15:00:00', 6, 81),
(2460, '2021-02-13', '17:30:00', '20:30:00', 6, 42),
(2461, '2021-02-13', '17:30:00', '18:30:00', 10, 64),
(2462, '2021-02-14', '20:30:00', '21:00:00', 13, 44),
(2463, '2021-02-14', '19:30:00', '21:00:00', 2, 23),
(2464, '2021-02-14', '15:00:00', '19:00:00', 5, 79),
(2465, '2021-02-14', '09:00:00', '11:30:00', 10, 38),
(2466, '2021-02-14', '11:00:00', '16:00:00', 9, 85),
(2467, '2021-02-14', '16:00:00', '19:30:00', 8, 96),
(2468, '2021-02-14', '17:30:00', '19:00:00', 12, 21),
(2469, '2021-02-14', '09:00:00', '20:30:00', 14, 34),
(2470, '2021-02-14', '17:00:00', '19:00:00', 10, 27),
(2471, '2021-02-14', '16:00:00', '19:30:00', 11, 36),
(2472, '2021-02-14', '10:30:00', '13:00:00', 11, 34),
(2473, '2021-02-14', '20:00:00', '20:30:00', 9, 25),
(2474, '2021-02-14', '13:30:00', '19:30:00', 1, 65),
(2475, '2021-02-14', '16:00:00', '17:00:00', 4, 96),
(2476, '2021-02-14', '16:00:00', '17:30:00', 3, 92),
(2477, '2021-02-14', '14:30:00', '16:30:00', 6, 72),
(2478, '2021-02-14', '14:00:00', '17:00:00', 12, 88),
(2479, '2021-02-14', '20:30:00', '21:00:00', 11, 37),
(2480, '2021-02-14', '09:00:00', '12:30:00', 7, 78),
(2481, '2021-02-14', '14:30:00', '20:00:00', 13, 23),
(2482, '2021-02-15', '10:00:00', '17:30:00', 9, 43),
(2483, '2021-02-15', '15:00:00', '16:30:00', 13, 66),
(2484, '2021-02-15', '20:00:00', '20:30:00', 9, 53),
(2485, '2021-02-15', '09:30:00', '18:00:00', 12, 55),
(2486, '2021-02-15', '10:00:00', '14:00:00', 5, 83),
(2487, '2021-02-15', '10:30:00', '20:00:00', 14, 7),
(2488, '2021-02-15', '10:00:00', '20:30:00', 4, 17),
(2489, '2021-02-15', '16:00:00', '19:00:00', 2, 86),
(2490, '2021-02-15', '18:00:00', '20:00:00', 10, 1),
(2491, '2021-02-15', '18:30:00', '20:00:00', 13, 90),
(2492, '2021-02-15', '14:30:00', '21:00:00', 8, 85),
(2493, '2021-02-15', '16:30:00', '19:30:00', 6, 60),
(2494, '2021-02-15', '10:30:00', '14:00:00', 6, 76),
(2495, '2021-02-15', '20:30:00', '21:00:00', 6, 54),
(2496, '2021-02-15', '16:30:00', '18:00:00', 7, 23),
(2497, '2021-02-15', '09:00:00', '09:30:00', 7, 30),
(2498, '2021-02-15', '18:00:00', '19:00:00', 3, 43),
(2499, '2021-02-15', '11:00:00', '13:00:00', 13, 1),
(2500, '2021-02-15', '14:00:00', '18:30:00', 1, 76),
(2501, '2021-02-16', '21:00:00', '21:30:00', 12, 58),
(2502, '2021-02-16', '17:30:00', '18:30:00', 5, 24),
(2503, '2021-02-16', '12:00:00', '13:30:00', 4, 39),
(2504, '2021-02-16', '14:00:00', '20:00:00', 9, 2),
(2505, '2021-02-16', '12:00:00', '14:00:00', 1, 33),
(2506, '2021-02-16', '20:00:00', '20:30:00', 2, 21),
(2507, '2021-02-16', '10:30:00', '11:30:00', 11, 52),
(2508, '2021-02-16', '19:00:00', '20:30:00', 12, 61),
(2509, '2021-02-16', '10:30:00', '12:30:00', 12, 66),
(2510, '2021-02-16', '13:30:00', '20:30:00', 10, 20),
(2511, '2021-02-16', '09:00:00', '16:00:00', 7, 92),
(2512, '2021-02-16', '10:00:00', '15:00:00', 14, 68),
(2513, '2021-02-16', '11:00:00', '11:30:00', 5, 62),
(2514, '2021-02-16', '11:00:00', '14:00:00', 8, 19),
(2515, '2021-02-16', '11:00:00', '15:00:00', 3, 23),
(2516, '2021-02-16', '21:00:00', '21:30:00', 6, 64),
(2517, '2021-02-16', '15:30:00', '17:00:00', 8, 34),
(2518, '2021-02-16', '18:30:00', '20:30:00', 14, 30),
(2519, '2021-02-16', '18:00:00', '21:00:00', 13, 31),
(2520, '2021-02-16', '19:30:00', '20:00:00', 6, 66),
(2521, '2021-02-16', '17:30:00', '18:30:00', 7, 18),
(2522, '2021-02-16', '15:00:00', '16:00:00', 5, 66),
(2523, '2021-02-17', '19:30:00', '20:00:00', 1, 16),
(2524, '2021-02-17', '12:30:00', '14:00:00', 7, 91),
(2525, '2021-02-17', '19:00:00', '20:00:00', 12, 90),
(2526, '2021-02-17', '12:30:00', '20:30:00', 11, 57),
(2527, '2021-02-17', '12:00:00', '20:00:00', 2, 72),
(2528, '2021-02-17', '14:30:00', '18:30:00', 9, 61),
(2529, '2021-02-17', '11:00:00', '12:00:00', 7, 9),
(2530, '2021-02-17', '12:30:00', '20:00:00', 8, 79),
(2531, '2021-02-17', '21:00:00', '21:30:00', 4, 2),
(2532, '2021-02-17', '14:00:00', '19:30:00', 13, 60),
(2533, '2021-02-17', '10:30:00', '15:00:00', 5, 52),
(2534, '2021-02-17', '14:30:00', '18:30:00', 10, 82),
(2535, '2021-02-17', '18:00:00', '19:30:00', 14, 88),
(2536, '2021-02-17', '12:00:00', '20:30:00', 6, 37),
(2537, '2021-02-17', '13:00:00', '14:30:00', 1, 99),
(2538, '2021-02-17', '16:00:00', '18:30:00', 5, 63),
(2539, '2021-02-17', '20:30:00', '21:00:00', 14, 31),
(2540, '2021-02-17', '10:30:00', '13:30:00', 9, 90),
(2541, '2021-02-17', '19:00:00', '20:00:00', 3, 71),
(2542, '2021-02-17', '14:00:00', '18:30:00', 3, 43),
(2543, '2021-02-18', '20:30:00', '21:00:00', 3, 7),
(2544, '2021-02-18', '11:00:00', '18:00:00', 8, 2),
(2545, '2021-02-18', '14:00:00', '15:30:00', 2, 3),
(2546, '2021-02-18', '13:00:00', '14:00:00', 3, 25),
(2547, '2021-02-18', '15:00:00', '17:00:00', 3, 46),
(2548, '2021-02-18', '13:30:00', '15:00:00', 14, 69),
(2549, '2021-02-18', '19:30:00', '20:00:00', 8, 36),
(2550, '2021-02-18', '14:00:00', '18:00:00', 5, 41),
(2551, '2021-02-18', '19:30:00', '20:30:00', 1, 55),
(2552, '2021-02-18', '11:00:00', '17:00:00', 9, 58),
(2553, '2021-02-18', '18:00:00', '20:00:00', 2, 68),
(2554, '2021-02-18', '19:30:00', '20:00:00', 10, 58),
(2555, '2021-02-18', '09:30:00', '20:30:00', 7, 22),
(2556, '2021-02-18', '10:00:00', '14:30:00', 4, 36),
(2557, '2021-02-18', '20:30:00', '21:00:00', 10, 84),
(2558, '2021-02-18', '14:00:00', '14:30:00', 10, 40),
(2559, '2021-02-18', '19:00:00', '21:00:00', 13, 27),
(2560, '2021-02-18', '19:00:00', '20:00:00', 4, 38),
(2561, '2021-02-18', '10:00:00', '12:30:00', 3, 61),
(2562, '2021-02-18', '20:00:00', '20:30:00', 6, 23),
(2563, '2021-02-18', '09:00:00', '09:30:00', 10, 90),
(2564, '2021-02-20', '12:00:00', '18:00:00', 8, 10),
(2565, '2021-02-20', '15:00:00', '20:30:00', 13, 100),
(2566, '2021-02-20', '11:00:00', '12:00:00', 12, 11),
(2567, '2021-02-20', '12:00:00', '18:30:00', 10, 76),
(2568, '2021-02-20', '12:00:00', '18:00:00', 7, 100),
(2569, '2021-02-20', '09:00:00', '14:30:00', 13, 72),
(2570, '2021-02-20', '11:00:00', '16:30:00', 6, 11),
(2571, '2021-02-20', '10:30:00', '13:00:00', 9, 94),
(2572, '2021-02-20', '10:00:00', '20:30:00', 5, 53),
(2573, '2021-02-20', '09:00:00', '16:30:00', 4, 9),
(2574, '2021-02-20', '18:30:00', '20:00:00', 11, 24),
(2575, '2021-02-20', '20:30:00', '21:00:00', 2, 68),
(2576, '2021-02-20', '14:30:00', '20:00:00', 9, 53),
(2577, '2021-02-20', '15:00:00', '20:30:00', 14, 80),
(2578, '2021-02-20', '18:30:00', '20:30:00', 3, 73),
(2579, '2021-02-20', '14:30:00', '15:30:00', 12, 60),
(2580, '2021-02-20', '21:00:00', '21:30:00', 10, 61),
(2581, '2021-02-20', '18:00:00', '19:00:00', 12, 11),
(2582, '2021-02-21', '11:30:00', '17:30:00', 8, 70),
(2583, '2021-02-21', '09:30:00', '17:00:00', 6, 72),
(2584, '2021-02-21', '15:30:00', '19:00:00', 14, 99),
(2585, '2021-02-21', '09:30:00', '14:30:00', 5, 13),
(2586, '2021-02-21', '21:00:00', '21:30:00', 3, 64),
(2587, '2021-02-21', '11:30:00', '16:30:00', 3, 64),
(2588, '2021-02-21', '10:30:00', '17:00:00', 10, 77),
(2589, '2021-02-21', '11:00:00', '19:00:00', 4, 66),
(2590, '2021-02-21', '10:30:00', '19:00:00', 2, 58),
(2591, '2021-02-21', '15:30:00', '17:00:00', 11, 31),
(2592, '2021-02-21', '19:30:00', '20:00:00', 14, 56),
(2593, '2021-02-21', '10:00:00', '11:30:00', 9, 14),
(2594, '2021-02-21', '13:00:00', '16:30:00', 1, 38),
(2595, '2021-02-21', '11:30:00', '17:00:00', 12, 60),
(2596, '2021-02-21', '20:00:00', '20:30:00', 10, 78),
(2597, '2021-02-21', '17:30:00', '18:00:00', 12, 68),
(2598, '2021-02-21', '18:30:00', '20:00:00', 12, 2),
(2599, '2021-02-21', '19:00:00', '20:00:00', 9, 9),
(2600, '2021-02-22', '11:00:00', '14:00:00', 1, 51),
(2601, '2021-02-22', '17:30:00', '19:00:00', 11, 3),
(2602, '2021-02-22', '09:00:00', '11:30:00', 12, 16),
(2603, '2021-02-22', '14:00:00', '15:30:00', 10, 23),
(2604, '2021-02-22', '20:30:00', '21:00:00', 1, 14),
(2605, '2021-02-22', '19:00:00', '19:30:00', 6, 80),
(2606, '2021-02-22', '11:30:00', '17:30:00', 9, 17),
(2607, '2021-02-22', '17:30:00', '20:30:00', 13, 94),
(2608, '2021-02-22', '09:30:00', '15:00:00', 11, 94),
(2609, '2021-02-22', '18:30:00', '21:00:00', 12, 53),
(2610, '2021-02-22', '12:30:00', '16:30:00', 2, 81),
(2611, '2021-02-22', '11:30:00', '17:30:00', 14, 39),
(2612, '2021-02-22', '14:00:00', '16:30:00', 7, 82),
(2613, '2021-02-22', '18:00:00', '20:30:00', 8, 23),
(2614, '2021-02-22', '14:00:00', '21:00:00', 5, 45),
(2615, '2021-02-22', '19:00:00', '20:30:00', 2, 9),
(2616, '2021-02-22', '11:30:00', '15:30:00', 13, 58),
(2617, '2021-02-22', '20:30:00', '21:00:00', 11, 90),
(2618, '2021-02-22', '11:00:00', '12:00:00', 6, 63),
(2619, '2021-02-23', '11:30:00', '14:30:00', 3, 64),
(2620, '2021-02-23', '09:30:00', '12:30:00', 5, 11),
(2621, '2021-02-23', '10:30:00', '20:00:00', 2, 24),
(2622, '2021-02-23', '18:30:00', '19:30:00', 14, 98),
(2623, '2021-02-23', '11:00:00', '14:30:00', 9, 76),
(2624, '2021-02-23', '18:30:00', '20:00:00', 12, 33),
(2625, '2021-02-23', '10:30:00', '18:30:00', 6, 29),
(2626, '2021-02-23', '10:30:00', '17:00:00', 4, 39),
(2627, '2021-02-23', '15:00:00', '19:00:00', 5, 38),
(2628, '2021-02-23', '20:30:00', '21:00:00', 2, 24),
(2629, '2021-02-23', '20:00:00', '21:00:00', 10, 24),
(2630, '2021-02-23', '19:00:00', '21:00:00', 8, 49),
(2631, '2021-02-23', '19:00:00', '19:30:00', 11, 61),
(2632, '2021-02-23', '10:30:00', '15:00:00', 14, 16),
(2633, '2021-02-23', '18:30:00', '21:00:00', 9, 97),
(2634, '2021-02-23', '17:00:00', '19:00:00', 7, 12),
(2635, '2021-02-23', '14:30:00', '19:30:00', 1, 67),
(2636, '2021-02-23', '17:30:00', '20:00:00', 13, 38),
(2637, '2021-02-23', '20:00:00', '21:00:00', 5, 55),
(2638, '2021-02-24', '11:30:00', '15:30:00', 13, 30),
(2639, '2021-02-24', '18:30:00', '19:00:00', 5, 97),
(2640, '2021-02-24', '21:00:00', '21:30:00', 1, 13),
(2641, '2021-02-24', '10:30:00', '18:00:00', 1, 97),
(2642, '2021-02-24', '19:30:00', '20:30:00', 3, 36),
(2643, '2021-02-24', '17:00:00', '18:30:00', 14, 19),
(2644, '2021-02-24', '18:00:00', '20:30:00', 9, 86),
(2645, '2021-02-24', '12:30:00', '14:30:00', 8, 20),
(2646, '2021-02-24', '16:00:00', '18:30:00', 6, 40),
(2647, '2021-02-24', '16:30:00', '20:30:00', 11, 68),
(2648, '2021-02-24', '11:00:00', '13:00:00', 12, 58),
(2649, '2021-02-24', '15:00:00', '20:00:00', 4, 80),
(2650, '2021-02-24', '15:00:00', '19:00:00', 12, 83),
(2651, '2021-02-24', '19:30:00', '20:00:00', 7, 35),
(2652, '2021-02-24', '10:00:00', '16:00:00', 11, 78),
(2653, '2021-02-24', '10:00:00', '13:30:00', 4, 31),
(2654, '2021-02-24', '10:00:00', '17:30:00', 3, 70),
(2655, '2021-02-24', '14:00:00', '17:30:00', 7, 31),
(2656, '2021-02-24', '19:00:00', '19:30:00', 13, 100),
(2657, '2021-02-24', '19:00:00', '20:30:00', 1, 9),
(2658, '2021-02-25', '09:00:00', '16:30:00', 7, 10),
(2659, '2021-02-25', '09:30:00', '11:00:00', 12, 19),
(2660, '2021-02-25', '13:30:00', '17:00:00', 12, 46),
(2661, '2021-02-25', '16:30:00', '20:00:00', 1, 14),
(2662, '2021-02-25', '11:30:00', '12:00:00', 10, 44),
(2663, '2021-02-25', '13:00:00', '20:30:00', 8, 49),
(2664, '2021-02-25', '20:00:00', '20:30:00', 9, 34),
(2665, '2021-02-25', '20:30:00', '21:00:00', 14, 90),
(2666, '2021-02-25', '20:30:00', '21:00:00', 5, 80),
(2667, '2021-02-25', '15:00:00', '17:00:00', 2, 17),
(2668, '2021-02-25', '09:00:00', '13:00:00', 4, 14),
(2669, '2021-02-25', '13:00:00', '18:00:00', 10, 91),
(2670, '2021-02-25', '14:30:00', '17:30:00', 6, 19),
(2671, '2021-02-25', '18:00:00', '20:00:00', 3, 96),
(2672, '2021-02-25', '19:30:00', '21:00:00', 12, 67),
(2673, '2021-02-25', '19:30:00', '20:00:00', 13, 26),
(2674, '2021-02-25', '20:30:00', '21:00:00', 7, 36),
(2675, '2021-02-27', '18:30:00', '19:00:00', 11, 5),
(2676, '2021-02-27', '13:30:00', '20:30:00', 1, 48),
(2677, '2021-02-27', '18:00:00', '18:30:00', 8, 59),
(2678, '2021-02-27', '15:30:00', '17:00:00', 6, 18),
(2679, '2021-02-27', '13:30:00', '14:00:00', 9, 46),
(2680, '2021-02-27', '14:30:00', '21:00:00', 12, 5),
(2681, '2021-02-27', '13:30:00', '17:00:00', 3, 35),
(2682, '2021-02-27', '16:00:00', '18:00:00', 14, 95),
(2683, '2021-02-27', '18:30:00', '20:30:00', 3, 44),
(2684, '2021-02-27', '17:00:00', '20:30:00', 2, 79),
(2685, '2021-02-27', '12:00:00', '15:00:00', 13, 32),
(2686, '2021-02-27', '14:30:00', '18:30:00', 4, 33),
(2687, '2021-02-27', '19:30:00', '21:00:00', 9, 29),
(2688, '2021-02-27', '17:00:00', '18:00:00', 13, 73),
(2689, '2021-02-27', '13:30:00', '15:30:00', 11, 14),
(2690, '2021-02-27', '20:00:00', '20:30:00', 5, 93),
(2691, '2021-02-27', '09:00:00', '16:00:00', 8, 4),
(2692, '2021-02-27', '10:00:00', '10:30:00', 14, 55),
(2693, '2021-02-27', '09:00:00', '09:30:00', 7, 13),
(2694, '2021-02-28', '09:00:00', '12:00:00', 1, 100),
(2695, '2021-02-28', '18:00:00', '21:00:00', 4, 35),
(2696, '2021-02-28', '12:30:00', '17:00:00', 4, 93),
(2697, '2021-02-28', '12:00:00', '20:30:00', 5, 80),
(2698, '2021-02-28', '19:30:00', '20:00:00', 13, 36),
(2699, '2021-02-28', '21:00:00', '21:30:00', 11, 36),
(2700, '2021-02-28', '18:00:00', '20:30:00', 1, 97),
(2701, '2021-02-28', '19:30:00', '20:00:00', 2, 27),
(2702, '2021-02-28', '21:00:00', '21:30:00', 2, 45),
(2703, '2021-02-28', '16:30:00', '18:30:00', 7, 40),
(2704, '2021-02-28', '15:30:00', '16:30:00', 8, 18),
(2705, '2021-02-28', '19:30:00', '20:30:00', 9, 30),
(2706, '2021-02-28', '11:30:00', '14:30:00', 7, 62),
(2707, '2021-02-28', '21:00:00', '21:30:00', 14, 15),
(2708, '2021-02-28', '09:00:00', '16:30:00', 10, 4),
(2709, '2021-02-28', '21:00:00', '21:30:00', 8, 16),
(2710, '2021-02-28', '11:00:00', '16:30:00', 11, 44),
(2711, '2021-02-28', '10:30:00', '17:00:00', 6, 9),
(2712, '2021-02-28', '18:00:00', '20:00:00', 11, 18),
(2713, '2021-02-28', '21:00:00', '21:30:00', 3, 31),
(2714, '0000-00-00', '18:00:00', '21:00:00', 5, 48),
(2715, '0000-00-00', '11:00:00', '21:00:00', 11, 49),
(2716, '0000-00-00', '17:00:00', '19:30:00', 3, 34),
(2717, '0000-00-00', '16:30:00', '20:30:00', 12, 69),
(2718, '0000-00-00', '13:30:00', '15:00:00', 13, 55),
(2719, '0000-00-00', '13:30:00', '16:00:00', 10, 89),
(2720, '0000-00-00', '16:00:00', '16:30:00', 5, 55),
(2721, '0000-00-00', '20:30:00', '21:00:00', 2, 66),
(2722, '0000-00-00', '21:00:00', '21:30:00', 1, 86),
(2723, '0000-00-00', '09:30:00', '11:30:00', 10, 88),
(2724, '0000-00-00', '09:00:00', '16:00:00', 6, 46),
(2725, '0000-00-00', '11:30:00', '15:30:00', 3, 19),
(2726, '0000-00-00', '21:00:00', '21:30:00', 14, 45),
(2727, '0000-00-00', '15:30:00', '17:00:00', 9, 67),
(2728, '0000-00-00', '18:00:00', '18:30:00', 1, 98),
(2729, '0000-00-00', '11:00:00', '12:00:00', 8, 76),
(2730, '0000-00-00', '20:00:00', '20:30:00', 13, 97),
(2731, '0000-00-00', '12:30:00', '15:30:00', 1, 7),
(2732, '0000-00-00', '14:30:00', '15:00:00', 12, 4),
(2733, '0000-00-00', '21:00:00', '21:30:00', 13, 58),
(2734, '2021-03-01', '15:30:00', '20:00:00', 14, 30),
(2735, '2021-03-01', '17:30:00', '21:00:00', 4, 62),
(2736, '2021-03-01', '12:00:00', '18:30:00', 12, 37),
(2737, '2021-03-01', '11:00:00', '17:00:00', 7, 12),
(2738, '2021-03-01', '17:00:00', '18:00:00', 10, 95),
(2739, '2021-03-01', '11:00:00', '19:00:00', 2, 54),
(2740, '2021-03-01', '11:00:00', '16:30:00', 5, 8),
(2741, '2021-03-01', '18:30:00', '20:30:00', 7, 62),
(2742, '2021-03-01', '18:30:00', '19:30:00', 1, 73),
(2743, '2021-03-01', '20:00:00', '20:30:00', 2, 86),
(2744, '2021-03-01', '17:00:00', '21:00:00', 5, 58),
(2745, '2021-03-01', '10:00:00', '15:00:00', 4, 77),
(2746, '2021-03-01', '14:00:00', '16:00:00', 3, 88),
(2747, '2021-03-01', '18:00:00', '19:30:00', 9, 85),
(2748, '2021-03-01', '16:00:00', '17:30:00', 9, 53),
(2749, '2021-03-01', '16:00:00', '17:30:00', 1, 8),
(2750, '2021-03-01', '21:00:00', '21:30:00', 10, 20),
(2751, '2021-03-02', '17:00:00', '19:00:00', 3, 95),
(2752, '2021-03-02', '15:30:00', '16:00:00', 1, 19),
(2753, '2021-03-02', '16:00:00', '18:00:00', 13, 92),
(2754, '2021-03-02', '18:30:00', '19:00:00', 14, 59),
(2755, '2021-03-02', '15:30:00', '16:00:00', 12, 52),
(2756, '2021-03-02', '18:00:00', '19:30:00', 6, 3),
(2757, '2021-03-02', '20:00:00', '21:00:00', 6, 58),
(2758, '2021-03-02', '09:00:00', '18:30:00', 9, 43),
(2759, '2021-03-02', '09:30:00', '13:30:00', 10, 51),
(2760, '2021-03-02', '11:00:00', '19:30:00', 4, 42),
(2761, '2021-03-02', '14:00:00', '15:30:00', 3, 20),
(2762, '2021-03-02', '17:00:00', '18:00:00', 8, 59),
(2763, '2021-03-02', '11:00:00', '13:00:00', 3, 96),
(2764, '2021-03-02', '20:00:00', '20:30:00', 14, 81),
(2765, '2021-03-02', '18:00:00', '19:00:00', 5, 69),
(2766, '2021-03-02', '12:30:00', '15:00:00', 6, 71),
(2767, '2021-03-02', '12:30:00', '13:00:00', 8, 79),
(2768, '2021-03-03', '18:00:00', '20:30:00', 2, 10),
(2769, '2021-03-03', '15:00:00', '15:30:00', 12, 87),
(2770, '2021-03-03', '18:00:00', '19:00:00', 1, 13),
(2771, '2021-03-03', '20:00:00', '20:30:00', 13, 46),
(2772, '2021-03-03', '15:00:00', '15:30:00', 13, 80),
(2773, '2021-03-03', '21:00:00', '21:30:00', 2, 51),
(2774, '2021-03-03', '15:30:00', '20:00:00', 8, 40),
(2775, '2021-03-03', '15:30:00', '20:30:00', 4, 74),
(2776, '2021-03-03', '20:00:00', '20:30:00', 10, 96),
(2777, '2021-03-03', '14:30:00', '15:00:00', 6, 67),
(2778, '2021-03-03', '16:00:00', '17:00:00', 1, 30),
(2779, '2021-03-03', '11:00:00', '12:00:00', 3, 95),
(2780, '2021-03-03', '11:00:00', '16:00:00', 10, 26),
(2781, '2021-03-03', '11:30:00', '18:00:00', 11, 26),
(2782, '2021-03-03', '16:00:00', '21:00:00', 3, 3),
(2783, '2021-03-03', '13:00:00', '13:30:00', 13, 56),
(2784, '2021-03-05', '20:30:00', '21:00:00', 13, 94),
(2785, '2021-03-05', '15:00:00', '16:00:00', 11, 36),
(2786, '2021-03-05', '19:00:00', '20:30:00', 1, 43),
(2787, '2021-03-05', '12:30:00', '21:00:00', 5, 5),
(2788, '2021-03-05', '11:00:00', '20:00:00', 7, 76),
(2789, '2021-03-05', '16:00:00', '18:30:00', 13, 73),
(2790, '2021-03-05', '17:00:00', '17:30:00', 3, 94),
(2791, '2021-03-05', '10:00:00', '12:00:00', 13, 69),
(2792, '2021-03-05', '18:00:00', '18:30:00', 1, 96),
(2793, '2021-03-05', '10:00:00', '10:30:00', 4, 35),
(2794, '2021-03-05', '16:00:00', '18:30:00', 4, 36),
(2795, '2021-03-05', '14:30:00', '16:00:00', 8, 69),
(2796, '2021-03-05', '13:00:00', '16:00:00', 1, 43),
(2797, '2021-03-05', '15:00:00', '17:30:00', 9, 10),
(2798, '2021-03-05', '15:30:00', '19:00:00', 2, 70),
(2799, '2021-03-05', '10:00:00', '11:00:00', 9, 35),
(2800, '2021-03-05', '13:00:00', '19:30:00', 10, 9),
(2801, '2021-03-05', '17:00:00', '18:00:00', 14, 22),
(2802, '2021-03-05', '09:00:00', '11:00:00', 6, 62),
(2803, '2021-03-06', '15:00:00', '19:30:00', 2, 15),
(2804, '2021-03-06', '13:30:00', '16:00:00', 6, 21),
(2805, '2021-03-06', '16:30:00', '20:30:00', 6, 78),
(2806, '2021-03-06', '20:30:00', '21:00:00', 2, 2),
(2807, '2021-03-06', '15:30:00', '16:00:00', 3, 63),
(2808, '2021-03-06', '09:30:00', '17:00:00', 4, 21),
(2809, '2021-03-06', '12:00:00', '18:00:00', 11, 84),
(2810, '2021-03-06', '12:30:00', '21:00:00', 10, 86),
(2811, '2021-03-06', '12:00:00', '13:00:00', 13, 11),
(2812, '2021-03-06', '20:00:00', '21:00:00', 12, 28),
(2813, '2021-03-06', '13:00:00', '20:30:00', 5, 17),
(2814, '2021-03-06', '17:00:00', '18:00:00', 13, 51),
(2815, '2021-03-06', '13:00:00', '17:30:00', 9, 76),
(2816, '2021-03-06', '16:00:00', '20:30:00', 7, 46),
(2817, '2021-03-06', '18:30:00', '20:00:00', 8, 37),
(2818, '2021-03-06', '20:30:00', '21:00:00', 4, 63),
(2819, '2021-03-06', '11:30:00', '14:30:00', 14, 59),
(2820, '2021-03-06', '11:30:00', '14:00:00', 1, 70),
(2821, '2021-03-07', '18:30:00', '20:00:00', 6, 61),
(2822, '2021-03-07', '19:30:00', '20:00:00', 13, 33),
(2823, '2021-03-07', '18:30:00', '20:00:00', 3, 41),
(2824, '2021-03-07', '14:00:00', '18:00:00', 10, 38),
(2825, '2021-03-07', '10:00:00', '14:00:00', 14, 74),
(2826, '2021-03-07', '13:30:00', '17:00:00', 12, 22),
(2827, '2021-03-07', '21:00:00', '21:30:00', 3, 5),
(2828, '2021-03-07', '18:30:00', '19:00:00', 9, 6),
(2829, '2021-03-07', '19:30:00', '20:30:00', 4, 74),
(2830, '2021-03-07', '11:00:00', '12:30:00', 4, 98),
(2831, '2021-03-07', '10:30:00', '15:00:00', 2, 67),
(2832, '2021-03-07', '15:00:00', '19:30:00', 5, 32),
(2833, '2021-03-07', '16:00:00', '17:00:00', 11, 27),
(2834, '2021-03-07', '12:30:00', '15:00:00', 11, 4),
(2835, '2021-03-07', '20:30:00', '21:00:00', 2, 59),
(2836, '2021-03-07', '21:00:00', '21:30:00', 11, 48),
(2837, '2021-03-07', '19:30:00', '20:00:00', 12, 41),
(2838, '2021-03-07', '13:00:00', '21:00:00', 1, 88),
(2839, '2021-03-07', '12:00:00', '13:00:00', 3, 19),
(2840, '2021-03-08', '17:00:00', '21:00:00', 1, 43),
(2841, '2021-03-08', '09:00:00', '13:00:00', 11, 24),
(2842, '2021-03-08', '10:00:00', '16:30:00', 4, 46),
(2843, '2021-03-08', '20:00:00', '21:00:00', 7, 66),
(2844, '2021-03-08', '19:00:00', '20:00:00', 13, 34),
(2845, '2021-03-08', '18:00:00', '18:30:00', 11, 27),
(2846, '2021-03-08', '09:00:00', '12:30:00', 1, 97),
(2847, '2021-03-08', '14:30:00', '16:00:00', 2, 63),
(2848, '2021-03-08', '10:30:00', '11:30:00', 2, 14),
(2849, '2021-03-08', '13:30:00', '16:30:00', 7, 89),
(2850, '2021-03-08', '20:30:00', '21:00:00', 12, 74),
(2851, '2021-03-08', '10:00:00', '14:30:00', 13, 33),
(2852, '2021-03-08', '18:30:00', '19:00:00', 12, 17),
(2853, '2021-03-08', '13:00:00', '14:30:00', 12, 88),
(2854, '2021-03-08', '15:30:00', '16:00:00', 13, 57),
(2855, '2021-03-08', '14:00:00', '17:30:00', 6, 38),
(2856, '2021-03-08', '11:00:00', '17:30:00', 14, 67),
(2857, '2021-03-08', '17:30:00', '20:30:00', 2, 78),
(2858, '2021-03-09', '17:00:00', '21:00:00', 3, 26),
(2859, '2021-03-09', '19:00:00', '20:30:00', 13, 69),
(2860, '2021-03-09', '12:00:00', '17:30:00', 10, 29),
(2861, '2021-03-09', '21:00:00', '21:30:00', 2, 49),
(2862, '2021-03-09', '19:30:00', '20:30:00', 6, 61),
(2863, '2021-03-09', '11:00:00', '19:30:00', 12, 55),
(2864, '2021-03-09', '15:00:00', '18:30:00', 5, 51),
(2865, '2021-03-09', '12:30:00', '17:30:00', 14, 26),
(2866, '2021-03-09', '14:30:00', '18:00:00', 4, 8),
(2867, '2021-03-09', '11:00:00', '19:00:00', 7, 13),
(2868, '2021-03-09', '13:30:00', '17:00:00', 6, 15),
(2869, '2021-03-09', '09:30:00', '17:00:00', 13, 46),
(2870, '2021-03-09', '09:00:00', '10:00:00', 3, 27),
(2871, '2021-03-09', '13:00:00', '17:00:00', 9, 68),
(2872, '2021-03-09', '09:30:00', '20:30:00', 8, 55),
(2873, '2021-03-09', '13:30:00', '20:30:00', 11, 10),
(2874, '2021-03-09', '18:30:00', '20:30:00', 2, 61),
(2875, '2021-03-09', '20:30:00', '21:00:00', 12, 46),
(2876, '2021-03-09', '19:00:00', '20:00:00', 5, 26),
(2877, '2021-03-10', '15:30:00', '21:00:00', 6, 45),
(2878, '2021-03-10', '09:00:00', '14:00:00', 13, 83),
(2879, '2021-03-10', '09:00:00', '17:00:00', 10, 67),
(2880, '2021-03-10', '12:00:00', '19:00:00', 14, 65),
(2881, '2021-03-10', '18:00:00', '20:30:00', 2, 76),
(2882, '2021-03-10', '09:00:00', '10:00:00', 8, 4),
(2883, '2021-03-10', '21:00:00', '21:30:00', 1, 93),
(2884, '2021-03-10', '20:00:00', '21:00:00', 13, 90),
(2885, '2021-03-10', '12:30:00', '14:30:00', 8, 67),
(2886, '2021-03-10', '16:30:00', '17:00:00', 9, 95),
(2887, '2021-03-10', '15:30:00', '20:30:00', 7, 64),
(2888, '2021-03-10', '16:30:00', '19:00:00', 1, 34),
(2889, '2021-03-10', '10:30:00', '14:30:00', 12, 94),
(2890, '2021-03-10', '16:30:00', '20:00:00', 3, 31),
(2891, '2021-03-10', '12:00:00', '17:30:00', 4, 20),
(2892, '2021-03-10', '09:30:00', '17:30:00', 2, 64),
(2893, '2021-03-10', '09:00:00', '10:00:00', 5, 42),
(2894, '2021-03-10', '20:30:00', '21:00:00', 4, 94),
(2895, '2021-03-12', '15:00:00', '20:30:00', 2, 83),
(2896, '2021-03-12', '09:00:00', '10:00:00', 12, 52),
(2897, '2021-03-12', '20:00:00', '21:00:00', 13, 97),
(2898, '2021-03-12', '12:30:00', '13:00:00', 3, 48),
(2899, '2021-03-12', '15:30:00', '16:00:00', 9, 24),
(2900, '2021-03-12', '14:00:00', '16:00:00', 12, 68),
(2901, '2021-03-12', '15:30:00', '19:00:00', 7, 10),
(2902, '2021-03-12', '19:00:00', '21:00:00', 5, 62),
(2903, '2021-03-12', '15:00:00', '21:00:00', 6, 74),
(2904, '2021-03-12', '18:00:00', '20:30:00', 4, 1),
(2905, '2021-03-12', '18:00:00', '19:00:00', 3, 90),
(2906, '2021-03-12', '14:30:00', '18:30:00', 1, 98),
(2907, '2021-03-12', '11:00:00', '12:00:00', 1, 50),
(2908, '2021-03-12', '11:00:00', '18:00:00', 13, 14),
(2909, '2021-03-12', '17:00:00', '18:00:00', 12, 87),
(2910, '2021-03-13', '13:00:00', '20:00:00', 7, 32),
(2911, '2021-03-13', '11:00:00', '13:00:00', 14, 100),
(2912, '2021-03-13', '20:00:00', '20:30:00', 6, 65),
(2913, '2021-03-13', '14:00:00', '20:30:00', 2, 58),
(2914, '2021-03-13', '09:30:00', '15:30:00', 3, 47),
(2915, '2021-03-13', '17:00:00', '19:30:00', 11, 58),
(2916, '2021-03-13', '12:30:00', '14:30:00', 9, 42),
(2917, '2021-03-13', '09:30:00', '18:00:00', 4, 10),
(2918, '2021-03-13', '20:00:00', '20:30:00', 12, 17),
(2919, '2021-03-13', '10:00:00', '19:00:00', 8, 21),
(2920, '2021-03-13', '21:00:00', '21:30:00', 4, 64),
(2921, '2021-03-13', '12:00:00', '12:30:00', 5, 91),
(2922, '2021-03-13', '18:30:00', '19:00:00', 10, 57),
(2923, '2021-03-13', '14:00:00', '16:30:00', 10, 81),
(2924, '2021-03-13', '17:30:00', '19:30:00', 12, 81),
(2925, '2021-03-13', '12:30:00', '15:00:00', 12, 3),
(2926, '2021-03-14', '18:30:00', '19:00:00', 3, 45),
(2927, '2021-03-14', '10:00:00', '12:30:00', 2, 66),
(2928, '2021-03-14', '19:30:00', '21:00:00', 4, 65),
(2929, '2021-03-14', '15:00:00', '16:30:00', 12, 64),
(2930, '2021-03-14', '21:00:00', '21:30:00', 10, 20),
(2931, '2021-03-14', '12:30:00', '15:30:00', 13, 43),
(2932, '2021-03-14', '10:30:00', '13:30:00', 6, 18),
(2933, '2021-03-14', '12:00:00', '21:00:00', 1, 38),
(2934, '2021-03-14', '16:00:00', '17:00:00', 10, 26),
(2935, '2021-03-14', '14:00:00', '17:30:00', 7, 77),
(2936, '2021-03-14', '12:30:00', '21:00:00', 5, 62),
(2937, '2021-03-14', '19:30:00', '21:00:00', 9, 19),
(2938, '2021-03-14', '18:00:00', '19:00:00', 12, 80),
(2939, '2021-03-14', '09:30:00', '17:00:00', 9, 45);
INSERT INTO `reserver` (`id`, `date`, `heureDebut`, `heureFin`, `salle_id`, `ligue_id`) VALUES
(2940, '2021-03-14', '10:30:00', '15:30:00', 8, 100),
(2941, '2021-03-14', '19:00:00', '21:00:00', 13, 13),
(2942, '2021-03-14', '15:30:00', '19:00:00', 6, 53),
(2943, '2021-03-14', '12:30:00', '18:30:00', 4, 93),
(2944, '2021-03-15', '20:30:00', '21:00:00', 9, 17),
(2945, '2021-03-15', '09:00:00', '18:30:00', 11, 7),
(2946, '2021-03-15', '21:00:00', '21:30:00', 14, 75),
(2947, '2021-03-15', '13:00:00', '19:30:00', 4, 81),
(2948, '2021-03-15', '20:00:00', '21:00:00', 7, 80),
(2949, '2021-03-15', '11:30:00', '13:30:00', 2, 74),
(2950, '2021-03-15', '20:00:00', '20:30:00', 8, 41),
(2951, '2021-03-15', '09:30:00', '17:00:00', 14, 99),
(2952, '2021-03-15', '20:00:00', '21:00:00', 4, 93),
(2953, '2021-03-15', '14:00:00', '16:00:00', 10, 77),
(2954, '2021-03-15', '14:30:00', '18:00:00', 6, 77),
(2955, '2021-03-15', '16:30:00', '17:30:00', 10, 93),
(2956, '2021-03-15', '19:00:00', '21:00:00', 13, 66),
(2957, '2021-03-15', '09:30:00', '12:00:00', 1, 4),
(2958, '2021-03-15', '19:00:00', '21:00:00', 11, 97),
(2959, '2021-03-15', '14:30:00', '20:30:00', 12, 99),
(2960, '2021-03-16', '14:30:00', '15:30:00', 11, 7),
(2961, '2021-03-16', '20:00:00', '21:00:00', 6, 23),
(2962, '2021-03-16', '15:00:00', '19:00:00', 10, 2),
(2963, '2021-03-16', '15:00:00', '19:30:00', 7, 47),
(2964, '2021-03-16', '13:00:00', '16:30:00', 8, 51),
(2965, '2021-03-16', '14:00:00', '18:00:00', 5, 38),
(2966, '2021-03-16', '15:00:00', '16:00:00', 6, 78),
(2967, '2021-03-16', '10:00:00', '17:00:00', 9, 1),
(2968, '2021-03-16', '19:00:00', '20:30:00', 5, 5),
(2969, '2021-03-16', '10:30:00', '11:30:00', 10, 97),
(2970, '2021-03-16', '18:00:00', '19:30:00', 1, 11),
(2971, '2021-03-16', '19:00:00', '20:30:00', 4, 61),
(2972, '2021-03-16', '10:00:00', '13:30:00', 4, 100),
(2973, '2021-03-16', '20:30:00', '21:00:00', 10, 82),
(2974, '2021-03-16', '09:30:00', '11:30:00', 13, 35),
(2975, '2021-03-16', '17:30:00', '19:00:00', 13, 18),
(2976, '2021-03-16', '14:30:00', '15:30:00', 3, 55),
(2977, '2021-03-17', '17:00:00', '18:00:00', 4, 40),
(2978, '2021-03-17', '19:30:00', '20:30:00', 12, 39),
(2979, '2021-03-17', '11:00:00', '21:00:00', 7, 95),
(2980, '2021-03-17', '21:00:00', '21:30:00', 14, 43),
(2981, '2021-03-17', '21:00:00', '21:30:00', 3, 6),
(2982, '2021-03-17', '12:30:00', '17:00:00', 14, 82),
(2983, '2021-03-17', '17:30:00', '18:30:00', 8, 19),
(2984, '2021-03-17', '19:30:00', '20:30:00', 1, 40),
(2985, '2021-03-17', '09:30:00', '16:30:00', 8, 68),
(2986, '2021-03-17', '15:00:00', '18:30:00', 9, 38),
(2987, '2021-03-17', '10:30:00', '18:00:00', 13, 53),
(2988, '2021-03-17', '19:30:00', '21:00:00', 11, 43),
(2989, '2021-03-17', '11:00:00', '13:30:00', 10, 42),
(2990, '2021-03-17', '14:30:00', '15:30:00', 11, 69),
(2991, '2021-03-17', '18:30:00', '20:00:00', 13, 34),
(2992, '2021-03-17', '11:30:00', '20:00:00', 2, 79),
(2993, '2021-03-19', '18:30:00', '21:00:00', 8, 3),
(2994, '2021-03-19', '17:30:00', '18:30:00', 2, 77),
(2995, '2021-03-19', '20:00:00', '21:00:00', 2, 8),
(2996, '2021-03-19', '10:30:00', '17:30:00', 13, 100),
(2997, '2021-03-19', '17:30:00', '19:30:00', 6, 98),
(2998, '2021-03-19', '17:00:00', '17:30:00', 7, 38),
(2999, '2021-03-19', '11:30:00', '20:30:00', 1, 67),
(3000, '2021-03-19', '20:00:00', '20:30:00', 11, 65),
(3001, '2021-03-19', '12:30:00', '14:30:00', 7, 42),
(3002, '2021-03-19', '21:00:00', '21:30:00', 10, 1),
(3003, '2021-03-19', '14:30:00', '17:00:00', 10, 12),
(3004, '2021-03-19', '14:30:00', '16:00:00', 6, 65),
(3005, '2021-03-19', '15:00:00', '17:00:00', 11, 14),
(3006, '2021-03-19', '09:00:00', '09:30:00', 5, 12),
(3007, '2021-03-20', '13:30:00', '16:30:00', 9, 19),
(3008, '2021-03-20', '19:00:00', '20:30:00', 3, 58),
(3009, '2021-03-20', '17:00:00', '18:00:00', 1, 61),
(3010, '2021-03-20', '13:00:00', '15:30:00', 2, 38),
(3011, '2021-03-20', '10:30:00', '21:00:00', 6, 66),
(3012, '2021-03-20', '15:00:00', '20:00:00', 13, 98),
(3013, '2021-03-20', '10:30:00', '12:30:00', 14, 46),
(3014, '2021-03-20', '19:00:00', '19:30:00', 8, 11),
(3015, '2021-03-20', '21:00:00', '21:30:00', 13, 74),
(3016, '2021-03-20', '16:30:00', '21:00:00', 7, 33),
(3017, '2021-03-20', '21:00:00', '21:30:00', 4, 96),
(3018, '2021-03-20', '20:30:00', '21:00:00', 2, 55),
(3019, '2021-03-20', '21:00:00', '21:30:00', 14, 54),
(3020, '2021-03-20', '09:00:00', '09:30:00', 7, 49),
(3021, '2021-03-20', '13:00:00', '15:30:00', 5, 35),
(3022, '2021-03-20', '12:30:00', '20:30:00', 12, 43),
(3023, '2021-03-20', '18:00:00', '19:30:00', 14, 81),
(3024, '2021-03-21', '21:00:00', '21:30:00', 14, 91),
(3025, '2021-03-21', '19:00:00', '20:00:00', 5, 56),
(3026, '2021-03-21', '18:00:00', '18:30:00', 9, 95),
(3027, '2021-03-21', '18:00:00', '19:30:00', 1, 97),
(3028, '2021-03-21', '17:00:00', '17:30:00', 9, 51),
(3029, '2021-03-21', '21:00:00', '21:30:00', 6, 33),
(3030, '2021-03-21', '11:00:00', '14:00:00', 3, 30),
(3031, '2021-03-21', '16:30:00', '17:30:00', 7, 12),
(3032, '2021-03-21', '18:00:00', '20:30:00', 7, 93),
(3033, '2021-03-21', '10:00:00', '20:00:00', 12, 47),
(3034, '2021-03-21', '09:00:00', '16:00:00', 10, 64),
(3035, '2021-03-21', '14:30:00', '15:00:00', 9, 63),
(3036, '2021-03-21', '19:30:00', '20:00:00', 11, 42),
(3037, '2021-03-21', '21:00:00', '21:30:00', 5, 57),
(3038, '2021-03-21', '13:30:00', '17:00:00', 2, 26),
(3039, '2021-03-21', '12:30:00', '13:00:00', 14, 74),
(3040, '2021-03-21', '14:00:00', '17:00:00', 4, 64),
(3041, '2021-03-22', '09:30:00', '21:00:00', 13, 43),
(3042, '2021-03-22', '15:30:00', '19:30:00', 5, 46),
(3043, '2021-03-22', '12:30:00', '19:30:00', 10, 7),
(3044, '2021-03-22', '11:30:00', '18:00:00', 4, 99),
(3045, '2021-03-22', '13:30:00', '21:00:00', 11, 88),
(3046, '2021-03-22', '18:00:00', '21:00:00', 2, 14),
(3047, '2021-03-22', '15:30:00', '18:00:00', 9, 56),
(3048, '2021-03-22', '17:30:00', '21:00:00', 3, 26),
(3049, '2021-03-22', '21:00:00', '21:30:00', 4, 10),
(3050, '2021-03-22', '18:30:00', '19:00:00', 1, 97),
(3051, '2021-03-22', '20:00:00', '20:30:00', 9, 92),
(3052, '2021-03-22', '10:00:00', '11:00:00', 10, 75),
(3053, '2021-03-22', '14:00:00', '16:30:00', 12, 27),
(3054, '2021-03-22', '12:00:00', '19:00:00', 14, 70),
(3055, '2021-03-22', '20:00:00', '20:30:00', 10, 94),
(3056, '2021-03-23', '20:00:00', '21:00:00', 13, 21),
(3057, '2021-03-23', '09:30:00', '14:30:00', 4, 77),
(3058, '2021-03-23', '13:00:00', '16:30:00', 6, 38),
(3059, '2021-03-23', '10:30:00', '11:00:00', 6, 81),
(3060, '2021-03-23', '12:30:00', '18:00:00', 1, 70),
(3061, '2021-03-23', '18:30:00', '19:30:00', 1, 16),
(3062, '2021-03-23', '12:30:00', '20:00:00', 3, 43),
(3063, '2021-03-23', '16:30:00', '19:30:00', 10, 7),
(3064, '2021-03-23', '10:30:00', '16:00:00', 7, 69),
(3065, '2021-03-23', '10:30:00', '15:00:00', 14, 69),
(3066, '2021-03-23', '17:30:00', '19:00:00', 5, 26),
(3067, '2021-03-23', '09:00:00', '13:00:00', 2, 2),
(3068, '2021-03-23', '12:30:00', '14:00:00', 9, 73),
(3069, '2021-03-23', '17:30:00', '19:30:00', 13, 29),
(3070, '2021-03-23', '19:00:00', '19:30:00', 8, 16),
(3071, '2021-03-24', '14:00:00', '20:30:00', 11, 48),
(3072, '2021-03-24', '20:00:00', '21:00:00', 12, 86),
(3073, '2021-03-24', '21:00:00', '21:30:00', 3, 14),
(3074, '2021-03-24', '20:30:00', '21:00:00', 7, 88),
(3075, '2021-03-24', '09:30:00', '18:00:00', 1, 48),
(3076, '2021-03-24', '12:00:00', '18:00:00', 2, 76),
(3077, '2021-03-24', '11:00:00', '17:30:00', 3, 100),
(3078, '2021-03-24', '19:00:00', '19:30:00', 12, 35),
(3079, '2021-03-24', '20:00:00', '20:30:00', 14, 27),
(3080, '2021-03-24', '18:00:00', '19:00:00', 10, 52),
(3081, '2021-03-24', '15:30:00', '20:00:00', 7, 62),
(3082, '2021-03-24', '15:00:00', '19:00:00', 13, 48),
(3083, '2021-03-24', '12:30:00', '18:30:00', 8, 31),
(3084, '2021-03-24', '10:00:00', '17:00:00', 14, 95),
(3085, '2021-03-26', '17:30:00', '21:00:00', 4, 23),
(3086, '2021-03-26', '12:00:00', '17:00:00', 10, 86),
(3087, '2021-03-26', '17:00:00', '19:30:00', 14, 94),
(3088, '2021-03-26', '09:30:00', '16:00:00', 1, 77),
(3089, '2021-03-26', '17:30:00', '21:00:00', 10, 69),
(3090, '2021-03-26', '19:30:00', '21:00:00', 8, 57),
(3091, '2021-03-26', '15:30:00', '20:00:00', 12, 78),
(3092, '2021-03-26', '14:30:00', '19:30:00', 2, 100),
(3093, '2021-03-26', '14:30:00', '20:00:00', 3, 32),
(3094, '2021-03-26', '11:00:00', '20:00:00', 11, 35),
(3095, '2021-03-26', '17:00:00', '18:00:00', 1, 52),
(3096, '2021-03-26', '17:30:00', '20:00:00', 13, 34),
(3097, '2021-03-26', '11:30:00', '16:30:00', 13, 26),
(3098, '2021-03-26', '14:30:00', '15:00:00', 6, 42),
(3099, '2021-03-26', '14:30:00', '18:00:00', 9, 22),
(3100, '2021-03-26', '17:30:00', '21:00:00', 7, 5),
(3101, '2021-03-27', '18:30:00', '20:30:00', 7, 62),
(3102, '2021-03-27', '09:00:00', '15:30:00', 6, 11),
(3103, '2021-03-27', '17:30:00', '18:30:00', 3, 61),
(3104, '2021-03-27', '14:30:00', '18:00:00', 8, 68),
(3105, '2021-03-27', '20:00:00', '20:30:00', 6, 100),
(3106, '2021-03-27', '12:30:00', '18:00:00', 12, 78),
(3107, '2021-03-27', '21:00:00', '21:30:00', 12, 55),
(3108, '2021-03-27', '19:30:00', '20:00:00', 9, 76),
(3109, '2021-03-27', '17:30:00', '19:00:00', 10, 11),
(3110, '2021-03-27', '14:00:00', '19:00:00', 13, 82),
(3111, '2021-03-27', '11:30:00', '16:30:00', 2, 41),
(3112, '2021-03-27', '09:00:00', '12:30:00', 14, 70),
(3113, '2021-03-27', '21:00:00', '21:30:00', 13, 63),
(3114, '2021-03-27', '20:30:00', '21:00:00', 5, 52),
(3115, '2021-03-27', '14:30:00', '17:00:00', 10, 22),
(3116, '2021-03-27', '09:00:00', '12:30:00', 1, 22),
(3117, '2021-03-28', '20:00:00', '20:30:00', 3, 67),
(3118, '2021-03-28', '20:00:00', '21:00:00', 7, 40),
(3119, '2021-03-28', '12:00:00', '15:00:00', 14, 48),
(3120, '2021-03-28', '20:30:00', '21:00:00', 10, 93),
(3121, '2021-03-28', '15:00:00', '20:00:00', 2, 3),
(3122, '2021-03-28', '15:30:00', '18:00:00', 12, 14),
(3123, '2021-03-28', '16:30:00', '17:30:00', 8, 38),
(3124, '2021-03-28', '11:30:00', '12:00:00', 2, 69),
(3125, '2021-03-28', '17:30:00', '18:00:00', 14, 61),
(3126, '2021-03-28', '14:00:00', '15:00:00', 5, 95),
(3127, '2021-03-28', '10:30:00', '12:30:00', 9, 52),
(3128, '2021-03-28', '20:30:00', '21:00:00', 8, 32),
(3129, '2021-03-28', '09:30:00', '17:30:00', 4, 9),
(3130, '2021-03-28', '18:00:00', '20:30:00', 6, 39),
(3131, '2021-03-28', '19:30:00', '21:00:00', 4, 36),
(3132, '2021-03-29', '12:30:00', '18:00:00', 3, 51),
(3133, '2021-03-29', '17:00:00', '20:30:00', 12, 31),
(3134, '2021-03-29', '13:00:00', '20:30:00', 13, 78),
(3135, '2021-03-29', '17:30:00', '18:30:00', 8, 83),
(3136, '2021-03-29', '16:00:00', '18:00:00', 4, 64),
(3137, '2021-03-29', '12:30:00', '16:00:00', 5, 9),
(3138, '2021-03-29', '18:00:00', '19:30:00', 1, 37),
(3139, '2021-03-29', '20:30:00', '21:00:00', 9, 22),
(3140, '2021-03-29', '14:30:00', '16:00:00', 2, 92),
(3141, '2021-03-29', '10:00:00', '14:00:00', 9, 29),
(3142, '2021-03-29', '12:00:00', '14:30:00', 8, 82),
(3143, '2021-03-29', '17:00:00', '21:00:00', 6, 84),
(3144, '2021-03-29', '09:30:00', '17:30:00', 11, 75),
(3145, '2021-03-30', '10:30:00', '19:00:00', 5, 65),
(3146, '2021-03-30', '17:30:00', '20:30:00', 7, 76),
(3147, '2021-03-30', '14:30:00', '20:00:00', 12, 56),
(3148, '2021-03-30', '20:30:00', '21:00:00', 12, 2),
(3149, '2021-03-30', '14:00:00', '17:00:00', 9, 8),
(3150, '2021-03-30', '20:00:00', '20:30:00', 9, 71),
(3151, '2021-03-30', '21:00:00', '21:30:00', 2, 77),
(3152, '2021-03-30', '12:00:00', '16:00:00', 14, 46),
(3153, '2021-03-30', '11:00:00', '13:30:00', 10, 44),
(3154, '2021-03-30', '21:00:00', '21:30:00', 1, 49),
(3155, '2021-03-30', '10:30:00', '16:30:00', 2, 40),
(3156, '2021-03-30', '10:30:00', '15:00:00', 8, 93),
(3157, '2021-03-30', '19:00:00', '19:30:00', 11, 19),
(3158, '2021-03-31', '20:00:00', '20:30:00', 6, 24),
(3159, '2021-03-31', '09:30:00', '14:00:00', 7, 64),
(3160, '2021-03-31', '19:00:00', '20:30:00', 1, 69),
(3161, '2021-03-31', '09:30:00', '14:00:00', 1, 3),
(3162, '2021-03-31', '19:00:00', '19:30:00', 6, 18),
(3163, '2021-03-31', '15:00:00', '17:00:00', 13, 49),
(3164, '2021-03-31', '11:00:00', '11:30:00', 3, 73),
(3165, '2021-03-31', '11:30:00', '16:00:00', 2, 43),
(3166, '2021-03-31', '18:30:00', '20:30:00', 12, 47),
(3167, '2021-03-31', '09:30:00', '11:00:00', 13, 34),
(3168, '2021-03-31', '17:30:00', '18:00:00', 11, 92),
(3169, '2021-03-31', '13:30:00', '21:00:00', 4, 81),
(3170, '2021-04-02', '16:00:00', '19:00:00', 2, 24),
(3171, '2021-04-02', '16:00:00', '18:00:00', 1, 59),
(3172, '2021-04-02', '14:30:00', '17:00:00', 13, 69),
(3173, '2021-04-02', '11:00:00', '18:30:00', 8, 1),
(3174, '2021-04-02', '15:00:00', '21:00:00', 5, 46),
(3175, '2021-04-02', '10:30:00', '15:30:00', 11, 28),
(3176, '2021-04-02', '21:00:00', '21:30:00', 6, 82),
(3177, '2021-04-02', '20:30:00', '21:00:00', 8, 49),
(3178, '2021-04-02', '14:00:00', '16:00:00', 9, 63),
(3179, '2021-04-02', '13:30:00', '19:00:00', 12, 7),
(3180, '2021-04-02', '16:30:00', '19:00:00', 11, 15),
(3181, '2021-04-02', '21:00:00', '21:30:00', 14, 49),
(3182, '2021-04-02', '20:30:00', '21:00:00', 12, 33),
(3183, '2021-04-02', '11:30:00', '19:30:00', 3, 6),
(3184, '2021-04-02', '19:30:00', '20:30:00', 2, 2),
(3185, '2021-04-03', '13:30:00', '18:00:00', 4, 19),
(3186, '2021-04-03', '19:00:00', '20:00:00', 10, 40),
(3187, '2021-04-03', '13:30:00', '17:00:00', 6, 14),
(3188, '2021-04-03', '10:00:00', '21:00:00', 12, 9),
(3189, '2021-04-03', '17:00:00', '19:00:00', 8, 2),
(3190, '2021-04-03', '14:30:00', '16:00:00', 14, 76),
(3191, '2021-04-03', '13:30:00', '20:30:00', 13, 84),
(3192, '2021-04-03', '20:30:00', '21:00:00', 5, 22),
(3193, '2021-04-03', '15:00:00', '17:30:00', 5, 59),
(3194, '2021-04-03', '19:30:00', '21:00:00', 4, 96),
(3195, '2021-04-03', '14:30:00', '15:30:00', 8, 63),
(3196, '2021-04-03', '09:30:00', '18:00:00', 11, 34),
(3197, '2021-04-03', '10:00:00', '14:00:00', 8, 26),
(3198, '2021-04-04', '09:00:00', '15:30:00', 14, 97),
(3199, '2021-04-04', '13:00:00', '20:00:00', 4, 88),
(3200, '2021-04-04', '09:30:00', '12:00:00', 7, 78),
(3201, '2021-04-04', '18:30:00', '19:00:00', 11, 35),
(3202, '2021-04-04', '09:00:00', '16:00:00', 2, 21),
(3203, '2021-04-04', '11:30:00', '19:00:00', 13, 19),
(3204, '2021-04-04', '09:30:00', '20:30:00', 6, 1),
(3205, '2021-04-04', '11:00:00', '16:30:00', 3, 99),
(3206, '2021-04-04', '15:30:00', '19:30:00', 8, 74),
(3207, '2021-04-04', '18:30:00', '20:00:00', 14, 19),
(3208, '2021-04-04', '21:00:00', '21:30:00', 1, 16),
(3209, '2021-04-04', '20:30:00', '21:00:00', 4, 72),
(3210, '2021-04-04', '10:30:00', '15:00:00', 12, 78),
(3211, '2021-04-04', '12:00:00', '14:00:00', 1, 59),
(3212, '2021-04-05', '18:30:00', '21:00:00', 14, 61),
(3213, '2021-04-05', '10:30:00', '17:30:00', 7, 7),
(3214, '2021-04-05', '10:00:00', '10:30:00', 4, 71),
(3215, '2021-04-05', '19:30:00', '20:00:00', 2, 86),
(3216, '2021-04-05', '16:30:00', '17:00:00', 12, 7),
(3217, '2021-04-05', '17:30:00', '19:00:00', 2, 97),
(3218, '2021-04-05', '10:00:00', '19:00:00', 5, 36),
(3219, '2021-04-05', '13:30:00', '16:30:00', 2, 95),
(3220, '2021-04-05', '13:30:00', '18:00:00', 8, 7),
(3221, '2021-04-05', '11:00:00', '12:30:00', 4, 98),
(3222, '2021-04-05', '10:30:00', '18:00:00', 1, 52),
(3223, '2021-04-05', '19:30:00', '20:30:00', 8, 14),
(3224, '2021-04-05', '15:30:00', '17:30:00', 9, 20),
(3225, '2021-04-05', '20:30:00', '21:00:00', 5, 57),
(3226, '2021-04-06', '16:30:00', '20:30:00', 11, 64),
(3227, '2021-04-06', '19:00:00', '21:00:00', 8, 92),
(3228, '2021-04-06', '14:00:00', '21:00:00', 12, 39),
(3229, '2021-04-06', '09:30:00', '20:00:00', 4, 16),
(3230, '2021-04-06', '11:30:00', '14:00:00', 8, 80),
(3231, '2021-04-06', '14:00:00', '17:30:00', 14, 58),
(3232, '2021-04-06', '12:00:00', '20:30:00', 10, 48),
(3233, '2021-04-06', '19:30:00', '21:00:00', 13, 48),
(3234, '2021-04-06', '18:00:00', '20:00:00', 14, 20),
(3235, '2021-04-06', '19:30:00', '21:00:00', 5, 46),
(3236, '2021-04-06', '09:30:00', '12:00:00', 9, 8),
(3237, '2021-04-06', '14:30:00', '20:00:00', 9, 86),
(3238, '2021-04-06', '10:30:00', '19:30:00', 6, 54),
(3239, '2021-04-07', '09:00:00', '10:30:00', 13, 59),
(3240, '2021-04-07', '16:00:00', '19:00:00', 3, 61),
(3241, '2021-04-07', '17:30:00', '19:30:00', 10, 7),
(3242, '2021-04-07', '09:00:00', '13:30:00', 1, 10),
(3243, '2021-04-07', '17:00:00', '21:00:00', 13, 11),
(3244, '2021-04-07', '21:00:00', '21:30:00', 11, 33),
(3245, '2021-04-07', '16:00:00', '21:00:00', 6, 91),
(3246, '2021-04-07', '14:30:00', '17:00:00', 7, 17),
(3247, '2021-04-07', '14:00:00', '19:30:00', 14, 33),
(3248, '2021-04-07', '15:00:00', '17:00:00', 8, 63),
(3249, '2021-04-07', '16:30:00', '20:00:00', 4, 58),
(3250, '2021-04-07', '16:30:00', '20:00:00', 9, 14),
(3251, '2021-04-07', '14:00:00', '17:30:00', 1, 35),
(3252, '2021-04-09', '14:00:00', '20:00:00', 9, 58),
(3253, '2021-04-09', '21:00:00', '21:30:00', 3, 53),
(3254, '2021-04-09', '15:30:00', '16:00:00', 3, 43),
(3255, '2021-04-09', '15:30:00', '16:00:00', 2, 89),
(3256, '2021-04-09', '12:30:00', '17:00:00', 7, 80),
(3257, '2021-04-09', '09:30:00', '13:00:00', 5, 22),
(3258, '2021-04-09', '12:00:00', '17:00:00', 4, 93),
(3259, '2021-04-09', '10:00:00', '15:00:00', 10, 44),
(3260, '2021-04-09', '14:30:00', '20:30:00', 1, 80),
(3261, '2021-04-09', '19:00:00', '20:00:00', 13, 96),
(3262, '2021-04-09', '17:30:00', '18:30:00', 14, 23),
(3263, '2021-04-09', '17:30:00', '18:30:00', 12, 24),
(3264, '2021-04-10', '17:00:00', '19:00:00', 8, 7),
(3265, '2021-04-10', '12:00:00', '13:00:00', 14, 43),
(3266, '2021-04-10', '11:30:00', '18:00:00', 2, 13),
(3267, '2021-04-10', '12:30:00', '16:00:00', 12, 26),
(3268, '2021-04-10', '10:00:00', '16:30:00', 8, 66),
(3269, '2021-04-10', '15:30:00', '19:00:00', 10, 23),
(3270, '2021-04-10', '18:30:00', '19:00:00', 13, 43),
(3271, '2021-04-10', '18:00:00', '20:00:00', 14, 64),
(3272, '2021-04-10', '17:00:00', '17:30:00', 13, 94),
(3273, '2021-04-10', '14:30:00', '16:30:00', 9, 82),
(3274, '2021-04-10', '19:00:00', '20:00:00', 6, 11),
(3275, '2021-04-10', '18:30:00', '19:30:00', 7, 7),
(3276, '2021-04-10', '14:30:00', '17:00:00', 14, 44),
(3277, '2021-04-11', '12:00:00', '17:00:00', 11, 47),
(3278, '2021-04-11', '16:30:00', '20:30:00', 14, 77),
(3279, '2021-04-11', '20:30:00', '21:00:00', 7, 48),
(3280, '2021-04-11', '12:30:00', '16:30:00', 8, 20),
(3281, '2021-04-11', '15:00:00', '19:30:00', 3, 37),
(3282, '2021-04-11', '12:00:00', '16:00:00', 9, 4),
(3283, '2021-04-11', '19:30:00', '21:00:00', 2, 26),
(3284, '2021-04-11', '16:00:00', '19:30:00', 7, 4),
(3285, '2021-04-11', '15:30:00', '17:30:00', 1, 9),
(3286, '2021-04-11', '10:00:00', '21:00:00', 10, 11),
(3287, '2021-04-11', '17:00:00', '17:30:00', 9, 25),
(3288, '2021-04-11', '11:30:00', '14:00:00', 1, 8),
(3289, '2021-04-11', '16:30:00', '20:00:00', 12, 99),
(3290, '2021-04-12', '15:00:00', '17:00:00', 2, 49),
(3291, '2021-04-12', '14:00:00', '17:30:00', 11, 63),
(3292, '2021-04-12', '15:30:00', '19:30:00', 7, 85),
(3293, '2021-04-12', '18:00:00', '19:30:00', 13, 7),
(3294, '2021-04-12', '10:00:00', '12:00:00', 5, 94),
(3295, '2021-04-12', '12:00:00', '21:00:00', 1, 94),
(3296, '2021-04-12', '20:30:00', '21:00:00', 7, 41),
(3297, '2021-04-12', '13:00:00', '14:30:00', 12, 26),
(3298, '2021-04-12', '19:00:00', '19:30:00', 8, 34),
(3299, '2021-04-12', '16:00:00', '18:30:00', 4, 45),
(3300, '2021-04-12', '19:30:00', '20:30:00', 12, 44),
(3301, '2021-04-12', '21:00:00', '21:30:00', 11, 92),
(3302, '2021-04-13', '12:00:00', '15:00:00', 10, 89),
(3303, '2021-04-13', '18:30:00', '19:00:00', 11, 90),
(3304, '2021-04-13', '09:30:00', '12:00:00', 14, 94),
(3305, '2021-04-13', '19:30:00', '20:30:00', 7, 82),
(3306, '2021-04-13', '18:30:00', '20:30:00', 9, 80),
(3307, '2021-04-13', '19:30:00', '20:00:00', 10, 38),
(3308, '2021-04-13', '10:30:00', '15:30:00', 5, 62),
(3309, '2021-04-13', '13:00:00', '16:30:00', 9, 63),
(3310, '2021-04-13', '16:30:00', '17:30:00', 10, 23),
(3311, '2021-04-13', '13:00:00', '14:30:00', 3, 68),
(3312, '2021-04-13', '17:00:00', '18:30:00', 12, 60),
(3313, '2021-04-13', '18:30:00', '19:30:00', 2, 17),
(3314, '2021-04-14', '18:30:00', '20:30:00', 5, 31),
(3315, '2021-04-14', '21:00:00', '21:30:00', 2, 94),
(3316, '2021-04-14', '09:00:00', '17:00:00', 3, 48),
(3317, '2021-04-14', '12:30:00', '18:30:00', 12, 70),
(3318, '2021-04-14', '13:00:00', '13:30:00', 11, 89),
(3319, '2021-04-14', '21:00:00', '21:30:00', 5, 44),
(3320, '2021-04-14', '14:00:00', '16:00:00', 9, 12),
(3321, '2021-04-14', '14:00:00', '16:00:00', 4, 25),
(3322, '2021-04-14', '20:30:00', '21:00:00', 13, 53),
(3323, '2021-04-14', '13:00:00', '17:00:00', 5, 4),
(3324, '2021-04-14', '10:00:00', '16:00:00', 6, 49),
(3325, '2021-04-14', '11:00:00', '13:00:00', 8, 21),
(3326, '2021-04-16', '12:30:00', '14:30:00', 11, 92),
(3327, '2021-04-16', '15:30:00', '17:30:00', 10, 98),
(3328, '2021-04-16', '21:00:00', '21:30:00', 4, 89),
(3329, '2021-04-16', '16:30:00', '20:30:00', 3, 77),
(3330, '2021-04-16', '18:00:00', '18:30:00', 11, 61),
(3331, '2021-04-16', '14:00:00', '19:00:00', 13, 29),
(3332, '2021-04-16', '10:00:00', '15:30:00', 5, 8),
(3333, '2021-04-16', '15:00:00', '17:00:00', 1, 100),
(3334, '2021-04-16', '13:30:00', '18:00:00', 14, 87),
(3335, '2021-04-16', '18:00:00', '20:30:00', 2, 94),
(3336, '2021-04-17', '11:30:00', '12:00:00', 10, 56),
(3337, '2021-04-17', '10:00:00', '20:00:00', 6, 70),
(3338, '2021-04-17', '12:30:00', '21:00:00', 9, 90),
(3339, '2021-04-17', '20:30:00', '21:00:00', 13, 31),
(3340, '2021-04-17', '16:30:00', '21:00:00', 3, 29),
(3341, '2021-04-17', '19:00:00', '20:00:00', 7, 63),
(3342, '2021-04-17', '13:30:00', '19:30:00', 2, 18),
(3343, '2021-04-17', '18:00:00', '19:00:00', 14, 56),
(3344, '2021-04-17', '13:00:00', '14:00:00', 7, 65),
(3345, '2021-04-17', '21:00:00', '21:30:00', 5, 85),
(3346, '2021-04-17', '12:30:00', '19:00:00', 4, 93),
(3347, '2021-04-18', '11:30:00', '13:30:00', 3, 30),
(3348, '2021-04-18', '14:30:00', '18:00:00', 11, 100),
(3349, '2021-04-18', '10:30:00', '15:30:00', 13, 10),
(3350, '2021-04-18', '16:30:00', '17:30:00', 14, 64),
(3351, '2021-04-18', '18:30:00', '20:00:00', 13, 28),
(3352, '2021-04-18', '11:30:00', '18:30:00', 8, 87),
(3353, '2021-04-18', '16:00:00', '17:00:00', 5, 86),
(3354, '2021-04-18', '10:00:00', '11:30:00', 5, 97),
(3355, '2021-04-18', '20:00:00', '21:00:00', 8, 81),
(3356, '2021-04-18', '09:00:00', '18:30:00', 4, 42),
(3357, '2021-04-18', '15:00:00', '17:00:00', 1, 79),
(3358, '2021-04-18', '18:30:00', '19:30:00', 1, 83),
(3359, '2021-04-19', '12:30:00', '19:30:00', 11, 35),
(3360, '2021-04-19', '12:00:00', '14:30:00', 12, 70),
(3361, '2021-04-19', '09:00:00', '12:00:00', 7, 63),
(3362, '2021-04-19', '18:00:00', '19:00:00', 7, 49),
(3363, '2021-04-19', '16:00:00', '20:00:00', 13, 99),
(3364, '2021-04-19', '15:00:00', '15:30:00', 3, 30),
(3365, '2021-04-19', '13:30:00', '20:00:00', 10, 91),
(3366, '2021-04-19', '17:00:00', '21:00:00', 14, 28),
(3367, '2021-04-19', '18:30:00', '20:30:00', 1, 74),
(3368, '2021-04-19', '17:00:00', '19:30:00', 6, 36),
(3369, '2021-04-19', '17:30:00', '20:30:00', 4, 90),
(3370, '2021-04-19', '20:00:00', '20:30:00', 5, 20),
(3371, '2021-04-20', '10:00:00', '21:00:00', 1, 89),
(3372, '2021-04-20', '12:00:00', '19:30:00', 13, 83),
(3373, '2021-04-20', '16:00:00', '20:30:00', 14, 72),
(3374, '2021-04-20', '18:00:00', '20:00:00', 4, 67),
(3375, '2021-04-20', '20:30:00', '21:00:00', 12, 97),
(3376, '2021-04-20', '13:00:00', '16:30:00', 11, 76),
(3377, '2021-04-20', '16:00:00', '16:30:00', 10, 1),
(3378, '2021-04-20', '09:00:00', '20:00:00', 5, 73),
(3379, '2021-04-20', '14:00:00', '20:30:00', 3, 28),
(3380, '2021-04-20', '15:00:00', '21:00:00', 7, 46),
(3381, '2021-04-21', '14:00:00', '16:00:00', 10, 98),
(3382, '2021-04-21', '16:00:00', '20:30:00', 14, 1),
(3383, '2021-04-21', '16:00:00', '20:00:00', 9, 54),
(3384, '2021-04-21', '18:30:00', '19:30:00', 10, 65),
(3385, '2021-04-21', '20:30:00', '21:00:00', 7, 39),
(3386, '2021-04-21', '10:00:00', '17:30:00', 1, 90),
(3387, '2021-04-21', '20:30:00', '21:00:00', 13, 50),
(3388, '2021-04-21', '11:00:00', '19:30:00', 11, 60),
(3389, '2021-04-21', '17:00:00', '19:30:00', 4, 72),
(3390, '2021-04-23', '19:30:00', '20:00:00', 7, 46),
(3391, '2021-04-23', '19:00:00', '20:00:00', 3, 44),
(3392, '2021-04-23', '19:30:00', '20:30:00', 11, 86),
(3393, '2021-04-23', '15:30:00', '20:00:00', 1, 84),
(3394, '2021-04-23', '17:00:00', '18:30:00', 8, 99),
(3395, '2021-04-23', '12:30:00', '14:00:00', 13, 40),
(3396, '2021-04-23', '20:30:00', '21:00:00', 9, 52),
(3397, '2021-04-23', '12:30:00', '20:30:00', 2, 89),
(3398, '2021-04-23', '09:00:00', '13:30:00', 12, 62),
(3399, '2021-04-24', '09:30:00', '10:30:00', 9, 59),
(3400, '2021-04-24', '20:00:00', '20:30:00', 10, 16),
(3401, '2021-04-24', '11:00:00', '13:00:00', 8, 37),
(3402, '2021-04-24', '11:00:00', '20:30:00', 5, 87),
(3403, '2021-04-24', '12:30:00', '20:30:00', 3, 64),
(3404, '2021-04-24', '13:30:00', '14:30:00', 6, 88),
(3405, '2021-04-24', '10:30:00', '15:30:00', 1, 3),
(3406, '2021-04-24', '19:00:00', '19:30:00', 14, 73),
(3407, '2021-04-24', '13:30:00', '14:30:00', 8, 54),
(3408, '2021-04-24', '21:00:00', '21:30:00', 5, 93),
(3409, '2021-04-24', '11:00:00', '13:30:00', 7, 65),
(3410, '2021-04-25', '12:00:00', '18:00:00', 1, 93),
(3411, '2021-04-25', '19:30:00', '20:00:00', 14, 41),
(3412, '2021-04-25', '20:30:00', '21:00:00', 6, 6),
(3413, '2021-04-25', '19:30:00', '20:00:00', 1, 22),
(3414, '2021-04-25', '19:00:00', '19:30:00', 13, 42),
(3415, '2021-04-25', '18:00:00', '21:00:00', 2, 90),
(3416, '2021-04-25', '14:00:00', '15:30:00', 4, 15),
(3417, '2021-04-25', '11:30:00', '17:00:00', 3, 22),
(3418, '2021-04-25', '21:00:00', '21:30:00', 11, 7),
(3419, '2021-04-26', '20:30:00', '21:00:00', 2, 58),
(3420, '2021-04-26', '11:00:00', '18:00:00', 14, 97),
(3421, '2021-04-26', '20:00:00', '20:30:00', 1, 36),
(3422, '2021-04-26', '11:30:00', '18:00:00', 11, 30),
(3423, '2021-04-26', '09:30:00', '14:30:00', 12, 49),
(3424, '2021-04-26', '17:00:00', '20:00:00', 6, 84),
(3425, '2021-04-26', '17:30:00', '19:30:00', 10, 5),
(3426, '2021-04-26', '14:00:00', '18:30:00', 9, 82),
(3427, '2021-04-26', '12:30:00', '19:30:00', 4, 52),
(3428, '2021-04-26', '15:00:00', '18:30:00', 5, 84),
(3429, '2021-04-26', '16:30:00', '20:30:00', 7, 64),
(3430, '2021-04-27', '20:00:00', '21:00:00', 7, 23),
(3431, '2021-04-27', '13:00:00', '18:00:00', 5, 54),
(3432, '2021-04-27', '09:30:00', '17:00:00', 1, 73),
(3433, '2021-04-27', '11:30:00', '21:00:00', 10, 66),
(3434, '2021-04-27', '21:00:00', '21:30:00', 12, 80),
(3435, '2021-04-27', '18:00:00', '19:00:00', 8, 43),
(3436, '2021-04-27', '19:30:00', '21:00:00', 11, 30),
(3437, '2021-04-27', '14:00:00', '18:00:00', 11, 27),
(3438, '2021-04-27', '10:00:00', '19:00:00', 3, 11),
(3439, '2021-04-27', '14:00:00', '20:00:00', 14, 17),
(3440, '2021-04-27', '16:30:00', '20:30:00', 12, 32),
(3441, '2021-04-28', '21:00:00', '21:30:00', 6, 78),
(3442, '2021-04-28', '12:30:00', '18:00:00', 8, 9),
(3443, '2021-04-28', '09:00:00', '17:00:00', 13, 38),
(3444, '2021-04-28', '20:30:00', '21:00:00', 7, 30),
(3445, '2021-04-28', '14:00:00', '14:30:00', 3, 55),
(3446, '2021-04-28', '11:00:00', '18:00:00', 1, 64),
(3447, '2021-04-28', '19:30:00', '20:30:00', 10, 63),
(3448, '2021-04-28', '20:30:00', '21:00:00', 13, 46),
(3449, '2021-04-28', '21:00:00', '21:30:00', 5, 26),
(3450, '2021-04-28', '19:00:00', '20:00:00', 12, 83),
(3451, '2021-04-28', '21:00:00', '21:30:00', 14, 74),
(3452, '2021-04-30', '13:30:00', '19:30:00', 14, 10),
(3453, '2021-04-30', '20:30:00', '21:00:00', 9, 64),
(3454, '2021-04-30', '12:00:00', '16:30:00', 13, 21),
(3455, '2021-04-30', '10:30:00', '12:00:00', 9, 36),
(3456, '2021-04-30', '09:00:00', '13:00:00', 5, 84),
(3457, '2021-04-30', '16:30:00', '19:30:00', 7, 64),
(3458, '2021-04-30', '15:00:00', '19:00:00', 4, 64),
(3459, '2021-04-30', '18:00:00', '19:30:00', 10, 93),
(3460, '2021-05-01', '15:30:00', '17:30:00', 1, 93),
(3461, '2021-05-01', '15:00:00', '20:00:00', 9, 21),
(3462, '2021-05-01', '11:00:00', '19:30:00', 8, 68),
(3463, '2021-05-01', '17:00:00', '21:00:00', 5, 13),
(3464, '2021-05-01', '16:30:00', '19:30:00', 4, 83),
(3465, '2021-05-01', '11:30:00', '12:30:00', 3, 83),
(3466, '2021-05-01', '13:00:00', '19:30:00', 10, 93),
(3467, '2021-05-01', '20:00:00', '20:30:00', 6, 33),
(3468, '2021-05-01', '10:00:00', '16:00:00', 4, 6),
(3469, '2021-05-01', '13:00:00', '19:00:00', 14, 80),
(3470, '2021-05-02', '20:00:00', '20:30:00', 7, 32),
(3471, '2021-05-02', '10:30:00', '16:30:00', 3, 69),
(3472, '2021-05-02', '19:00:00', '19:30:00', 6, 91),
(3473, '2021-05-02', '16:30:00', '17:30:00', 13, 35),
(3474, '2021-05-02', '15:00:00', '20:00:00', 1, 99),
(3475, '2021-05-02', '19:00:00', '20:00:00', 8, 38),
(3476, '2021-05-02', '09:30:00', '14:00:00', 14, 24),
(3477, '2021-05-02', '17:00:00', '19:30:00', 12, 46),
(3478, '2021-05-02', '10:00:00', '12:00:00', 7, 1),
(3479, '2021-05-02', '09:00:00', '15:30:00', 12, 67),
(3480, '2021-05-03', '16:00:00', '17:30:00', 11, 39),
(3481, '2021-05-03', '16:00:00', '17:30:00', 5, 26),
(3482, '2021-05-03', '12:00:00', '15:00:00', 8, 16),
(3483, '2021-05-03', '17:00:00', '20:00:00', 1, 59),
(3484, '2021-05-03', '20:30:00', '21:00:00', 7, 73),
(3485, '2021-05-03', '09:00:00', '15:30:00', 3, 59),
(3486, '2021-05-03', '15:30:00', '16:00:00', 1, 18),
(3487, '2021-05-03', '18:00:00', '21:00:00', 5, 85),
(3488, '2021-05-03', '11:30:00', '14:00:00', 12, 6),
(3489, '2021-05-03', '16:30:00', '18:00:00', 4, 28),
(3490, '2021-05-03', '21:00:00', '21:30:00', 13, 32),
(3491, '2021-05-04', '09:00:00', '14:00:00', 8, 46),
(3492, '2021-05-04', '21:00:00', '21:30:00', 1, 10),
(3493, '2021-05-04', '18:30:00', '19:00:00', 11, 80),
(3494, '2021-05-04', '09:00:00', '10:30:00', 4, 1),
(3495, '2021-05-04', '10:30:00', '19:30:00', 7, 75),
(3496, '2021-05-04', '21:00:00', '21:30:00', 4, 8),
(3497, '2021-05-04', '18:30:00', '19:30:00', 9, 28),
(3498, '2021-05-04', '17:00:00', '18:00:00', 10, 7),
(3499, '2021-05-04', '10:30:00', '14:30:00', 14, 63),
(3500, '2021-05-05', '14:00:00', '19:00:00', 8, 55),
(3501, '2021-05-05', '15:30:00', '16:30:00', 1, 52),
(3502, '2021-05-05', '11:30:00', '19:30:00', 9, 79),
(3503, '2021-05-05', '09:30:00', '14:30:00', 4, 25),
(3504, '2021-05-05', '09:30:00', '10:30:00', 7, 11),
(3505, '2021-05-05', '14:00:00', '19:00:00', 14, 5),
(3506, '2021-05-05', '19:00:00', '20:30:00', 1, 98),
(3507, '2021-05-05', '13:00:00', '19:30:00', 6, 65),
(3508, '2021-05-05', '11:00:00', '20:00:00', 10, 67),
(3509, '2021-05-07', '17:00:00', '17:30:00', 12, 95),
(3510, '2021-05-07', '16:30:00', '21:00:00', 11, 89),
(3511, '2021-05-07', '14:30:00', '19:00:00', 7, 38),
(3512, '2021-05-07', '11:00:00', '19:30:00', 4, 15),
(3513, '2021-05-07', '09:00:00', '10:30:00', 10, 51),
(3514, '2021-05-07', '15:30:00', '19:30:00', 3, 57),
(3515, '2021-05-07', '13:00:00', '16:30:00', 1, 72),
(3516, '2021-05-07', '17:00:00', '20:00:00', 2, 78),
(3517, '2021-05-07', '13:30:00', '15:00:00', 8, 59),
(3518, '2021-05-08', '18:00:00', '20:30:00', 10, 72),
(3519, '2021-05-08', '21:00:00', '21:30:00', 10, 20),
(3520, '2021-05-08', '21:00:00', '21:30:00', 6, 2),
(3521, '2021-05-08', '10:00:00', '10:30:00', 11, 81),
(3522, '2021-05-08', '20:00:00', '21:00:00', 9, 44),
(3523, '2021-05-08', '17:00:00', '19:30:00', 12, 1),
(3524, '2021-05-08', '10:30:00', '16:30:00', 13, 75),
(3525, '2021-05-08', '20:30:00', '21:00:00', 13, 55),
(3526, '2021-05-08', '10:30:00', '16:30:00', 4, 7),
(3527, '2021-05-08', '16:00:00', '20:30:00', 7, 5),
(3528, '2021-05-09', '14:30:00', '15:30:00', 1, 39),
(3529, '2021-05-09', '10:00:00', '12:00:00', 10, 18),
(3530, '2021-05-09', '20:30:00', '21:00:00', 6, 100),
(3531, '2021-05-09', '16:30:00', '20:30:00', 13, 32),
(3532, '2021-05-09', '14:00:00', '15:30:00', 3, 63),
(3533, '2021-05-09', '18:00:00', '19:00:00', 4, 32),
(3534, '2021-05-09', '16:30:00', '18:30:00', 2, 99),
(3535, '2021-05-09', '14:30:00', '17:00:00', 8, 13),
(3536, '2021-05-09', '15:30:00', '17:30:00', 7, 20),
(3537, '2021-05-10', '11:00:00', '20:00:00', 1, 96),
(3538, '2021-05-10', '11:00:00', '20:00:00', 6, 48),
(3539, '2021-05-10', '15:00:00', '19:00:00', 12, 10),
(3540, '2021-05-10', '21:00:00', '21:30:00', 8, 20),
(3541, '2021-05-10', '12:00:00', '16:30:00', 9, 17),
(3542, '2021-05-10', '13:30:00', '18:00:00', 10, 34),
(3543, '2021-05-10', '18:30:00', '21:00:00', 14, 5),
(3544, '2021-05-10', '10:30:00', '14:00:00', 2, 21),
(3545, '2021-05-11', '14:00:00', '18:30:00', 12, 93),
(3546, '2021-05-11', '18:30:00', '20:00:00', 1, 28),
(3547, '2021-05-11', '16:00:00', '16:30:00', 2, 46),
(3548, '2021-05-11', '14:00:00', '15:30:00', 4, 92),
(3549, '2021-05-11', '11:00:00', '20:00:00', 3, 88),
(3550, '2021-05-11', '19:30:00', '21:00:00', 5, 8),
(3551, '2021-05-11', '11:00:00', '19:30:00', 14, 91),
(3552, '2021-05-11', '13:00:00', '14:30:00', 13, 6),
(3553, '2021-05-11', '12:00:00', '17:00:00', 10, 4),
(3554, '2021-05-12', '20:30:00', '21:00:00', 12, 86),
(3555, '2021-05-12', '18:30:00', '19:00:00', 7, 67),
(3556, '2021-05-12', '10:30:00', '11:00:00', 9, 39),
(3557, '2021-05-12', '15:00:00', '19:00:00', 1, 26),
(3558, '2021-05-12', '14:30:00', '17:00:00', 4, 23),
(3559, '2021-05-12', '11:30:00', '14:00:00', 6, 62),
(3560, '2021-05-12', '12:00:00', '17:00:00', 11, 68),
(3561, '2021-05-12', '15:30:00', '17:30:00', 7, 44),
(3562, '2021-05-14', '12:30:00', '21:00:00', 14, 36),
(3563, '2021-05-14', '14:30:00', '18:00:00', 13, 97),
(3564, '2021-05-14', '10:00:00', '15:00:00', 5, 47),
(3565, '2021-05-14', '14:30:00', '21:00:00', 10, 67),
(3566, '2021-05-14', '11:30:00', '20:00:00', 12, 93),
(3567, '2021-05-14', '21:00:00', '21:30:00', 6, 33),
(3568, '2021-05-14', '13:00:00', '18:00:00', 9, 70),
(3569, '2021-05-15', '09:30:00', '16:30:00', 8, 4),
(3570, '2021-05-15', '15:30:00', '20:30:00', 14, 64),
(3571, '2021-05-15', '13:30:00', '21:00:00', 5, 48),
(3572, '2021-05-15', '17:00:00', '18:00:00', 8, 53),
(3573, '2021-05-15', '17:30:00', '20:30:00', 9, 27),
(3574, '2021-05-15', '11:00:00', '18:00:00', 11, 94),
(3575, '2021-05-15', '13:30:00', '18:00:00', 6, 30),
(3576, '2021-05-15', '11:00:00', '14:30:00', 10, 98),
(3577, '2021-05-16', '16:30:00', '20:00:00', 9, 60),
(3578, '2021-05-16', '11:00:00', '20:00:00', 5, 26),
(3579, '2021-05-16', '14:00:00', '20:00:00', 12, 46),
(3580, '2021-05-16', '17:00:00', '20:30:00', 7, 50),
(3581, '2021-05-16', '09:00:00', '10:00:00', 10, 66),
(3582, '2021-05-16', '09:00:00', '14:00:00', 9, 8),
(3583, '2021-05-17', '15:00:00', '19:30:00', 7, 2),
(3584, '2021-05-17', '14:30:00', '16:30:00', 3, 9),
(3585, '2021-05-17', '19:00:00', '20:30:00', 11, 34),
(3586, '2021-05-17', '10:30:00', '20:30:00', 13, 38),
(3587, '2021-05-17', '14:30:00', '20:30:00', 8, 93),
(3588, '2021-05-17', '17:30:00', '18:00:00', 3, 60),
(3589, '2021-05-17', '19:30:00', '20:30:00', 5, 68),
(3590, '2021-05-17', '19:30:00', '21:00:00', 10, 47),
(3591, '2021-05-18', '18:30:00', '20:00:00', 7, 36),
(3592, '2021-05-18', '16:00:00', '16:30:00', 8, 63),
(3593, '2021-05-18', '14:30:00', '18:00:00', 5, 98),
(3594, '2021-05-18', '14:30:00', '18:00:00', 2, 86),
(3595, '2021-05-18', '13:30:00', '21:00:00', 14, 96),
(3596, '2021-05-18', '17:00:00', '18:30:00', 6, 84),
(3597, '2021-05-18', '17:30:00', '19:30:00', 8, 83),
(3598, '2021-05-19', '11:00:00', '21:00:00', 4, 53),
(3599, '2021-05-19', '16:30:00', '17:00:00', 2, 73),
(3600, '2021-05-19', '09:00:00', '10:00:00', 8, 60),
(3601, '2021-05-19', '20:00:00', '21:00:00', 10, 52),
(3602, '2021-05-19', '14:30:00', '19:00:00', 7, 7),
(3603, '2021-05-19', '16:00:00', '16:30:00', 12, 9),
(3604, '2021-05-19', '20:00:00', '20:30:00', 6, 55),
(3605, '2021-05-19', '12:30:00', '13:00:00', 8, 36),
(3606, '2021-05-21', '18:30:00', '20:30:00', 7, 95),
(3607, '2021-05-21', '19:00:00', '21:00:00', 6, 56),
(3608, '2021-05-21', '15:00:00', '18:00:00', 1, 8),
(3609, '2021-05-21', '11:00:00', '16:30:00', 4, 63),
(3610, '2021-05-21', '21:00:00', '21:30:00', 1, 29),
(3611, '2021-05-21', '09:00:00', '11:30:00', 9, 54),
(3612, '2021-05-21', '16:00:00', '20:30:00', 14, 64),
(3613, '2021-05-21', '13:00:00', '18:30:00', 2, 82),
(3614, '2021-05-22', '18:30:00', '20:30:00', 11, 14),
(3615, '2021-05-22', '11:00:00', '16:30:00', 10, 23),
(3616, '2021-05-22', '16:30:00', '18:00:00', 2, 83),
(3617, '2021-05-22', '19:30:00', '20:00:00', 1, 11),
(3618, '2021-05-22', '13:00:00', '14:30:00', 8, 10),
(3619, '2021-05-22', '17:30:00', '20:00:00', 8, 11),
(3620, '2021-05-23', '09:00:00', '20:00:00', 12, 98),
(3621, '2021-05-23', '09:00:00', '13:00:00', 10, 62),
(3622, '2021-05-23', '14:30:00', '17:00:00', 14, 84),
(3623, '2021-05-23', '12:30:00', '19:00:00', 6, 68),
(3624, '2021-05-23', '19:00:00', '20:30:00', 14, 72),
(3625, '2021-05-23', '19:00:00', '19:30:00', 8, 70),
(3626, '2021-05-24', '12:00:00', '19:30:00', 3, 38),
(3627, '2021-05-24', '19:00:00', '19:30:00', 2, 20),
(3628, '2021-05-24', '10:30:00', '17:00:00', 12, 47),
(3629, '2021-05-24', '12:00:00', '19:30:00', 1, 69),
(3630, '2021-05-24', '13:30:00', '16:30:00', 9, 13),
(3631, '2021-05-24', '11:00:00', '16:00:00', 14, 79),
(3632, '2021-05-25', '21:00:00', '21:30:00', 12, 57),
(3633, '2021-05-25', '17:00:00', '20:30:00', 3, 50),
(3634, '2021-05-25', '10:00:00', '12:30:00', 14, 45),
(3635, '2021-05-25', '19:30:00', '20:30:00', 8, 51),
(3636, '2021-05-25', '13:00:00', '15:30:00', 10, 94),
(3637, '2021-05-25', '14:00:00', '18:00:00', 13, 90),
(3638, '2021-05-25', '13:00:00', '20:30:00', 5, 64),
(3639, '2021-05-26', '11:30:00', '13:00:00', 14, 68),
(3640, '2021-05-26', '16:30:00', '20:30:00', 5, 54),
(3641, '2021-05-26', '11:30:00', '18:30:00', 6, 41),
(3642, '2021-05-26', '10:30:00', '14:30:00', 9, 28),
(3643, '2021-05-28', '20:00:00', '20:30:00', 9, 77),
(3644, '2021-05-28', '15:30:00', '17:30:00', 7, 52),
(3645, '2021-05-28', '17:00:00', '19:00:00', 14, 10),
(3646, '2021-05-28', '14:00:00', '16:30:00', 2, 13),
(3647, '2021-05-28', '12:00:00', '19:00:00', 12, 96),
(3648, '2021-05-28', '09:00:00', '11:30:00', 7, 49),
(3649, '2021-05-28', '18:30:00', '20:00:00', 5, 76),
(3650, '2021-05-29', '12:00:00', '19:30:00', 10, 44),
(3651, '2021-05-29', '20:00:00', '20:30:00', 3, 8),
(3652, '2021-05-29', '15:30:00', '16:30:00', 5, 47),
(3653, '2021-05-29', '10:00:00', '13:00:00', 4, 34),
(3654, '2021-05-29', '18:00:00', '20:30:00', 6, 84),
(3655, '2021-05-29', '16:00:00', '19:30:00', 4, 60),
(3656, '2021-05-29', '13:30:00', '19:00:00', 12, 4),
(3657, '2021-05-30', '13:30:00', '18:00:00', 3, 75),
(3658, '2021-05-30', '09:00:00', '14:00:00', 7, 12),
(3659, '2021-05-30', '15:00:00', '17:00:00', 9, 100),
(3660, '2021-05-30', '18:30:00', '19:30:00', 1, 74),
(3661, '2021-05-30', '16:30:00', '21:00:00', 6, 81),
(3662, '2021-05-31', '11:00:00', '21:00:00', 11, 53),
(3663, '2021-05-31', '11:30:00', '20:00:00', 4, 52),
(3664, '2021-05-31', '17:30:00', '21:00:00', 5, 65),
(3665, '2021-05-31', '18:00:00', '21:00:00', 3, 32),
(3666, '2021-05-31', '18:30:00', '19:30:00', 1, 8),
(3667, '2021-05-31', '21:00:00', '21:30:00', 14, 68),
(3668, '2021-05-31', '20:30:00', '21:00:00', 2, 84),
(3669, '2021-06-01', '13:00:00', '20:30:00', 4, 30),
(3670, '2021-06-01', '14:00:00', '18:00:00', 6, 96),
(3671, '2021-06-01', '11:00:00', '13:30:00', 1, 16),
(3672, '2021-06-01', '16:00:00', '18:00:00', 5, 3),
(3673, '2021-06-02', '12:30:00', '13:30:00', 6, 22),
(3674, '2021-06-02', '10:30:00', '13:00:00', 12, 51),
(3675, '2021-06-02', '11:30:00', '16:00:00', 1, 92),
(3676, '2021-06-02', '16:00:00', '21:00:00', 7, 41),
(3677, '2021-06-02', '16:30:00', '18:00:00', 12, 3),
(3678, '2021-06-02', '14:30:00', '15:30:00', 11, 42),
(3679, '2021-06-04', '18:00:00', '19:30:00', 14, 85),
(3680, '2021-06-04', '18:30:00', '21:00:00', 5, 16),
(3681, '2021-06-04', '19:00:00', '20:00:00', 11, 75),
(3682, '2021-06-04', '14:00:00', '16:30:00', 12, 71),
(3683, '2021-06-04', '18:30:00', '21:00:00', 10, 46),
(3684, '2021-06-05', '09:30:00', '10:00:00', 13, 84),
(3685, '2021-06-05', '14:30:00', '20:30:00', 4, 34),
(3686, '2021-06-05', '09:00:00', '10:00:00', 6, 98),
(3687, '2021-06-05', '20:30:00', '21:00:00', 13, 22),
(3688, '2021-06-05', '12:00:00', '16:30:00', 8, 83),
(3689, '2021-06-05', '11:00:00', '17:30:00', 3, 37),
(3690, '2021-06-06', '09:30:00', '21:00:00', 1, 15),
(3691, '2021-06-06', '18:30:00', '19:00:00', 11, 53),
(3692, '2021-06-06', '13:30:00', '19:30:00', 7, 74),
(3693, '2021-06-07', '10:30:00', '15:00:00', 6, 68),
(3694, '2021-06-07', '12:30:00', '19:00:00', 1, 88),
(3695, '2021-06-07', '11:00:00', '12:30:00', 14, 51),
(3696, '2021-06-07', '19:00:00', '20:30:00', 11, 12),
(3697, '2021-06-07', '19:30:00', '20:00:00', 13, 58),
(3698, '2021-06-07', '17:30:00', '19:00:00', 7, 30),
(3699, '2021-06-08', '18:30:00', '19:30:00', 3, 18),
(3700, '2021-06-08', '20:00:00', '21:00:00', 9, 49),
(3701, '2021-06-08', '14:00:00', '18:00:00', 8, 80),
(3702, '2021-06-09', '18:30:00', '19:30:00', 6, 71),
(3703, '2021-06-09', '12:30:00', '17:00:00', 6, 10),
(3704, '2021-06-11', '16:00:00', '20:30:00', 4, 85),
(3705, '2021-06-11', '11:00:00', '12:30:00', 3, 76),
(3706, '2021-06-11', '20:00:00', '21:00:00', 1, 36),
(3707, '2021-06-11', '19:30:00', '21:00:00', 7, 56),
(3708, '2021-06-11', '12:30:00', '13:30:00', 13, 30),
(3709, '2021-06-12', '09:30:00', '11:00:00', 7, 82),
(3710, '2021-06-12', '14:00:00', '16:30:00', 12, 58),
(3711, '2021-06-13', '15:00:00', '18:00:00', 5, 51),
(3712, '2021-06-13', '17:30:00', '20:00:00', 7, 50),
(3713, '2021-06-13', '19:30:00', '20:30:00', 3, 45),
(3714, '2021-06-13', '14:30:00', '17:00:00', 1, 11),
(3715, '2021-06-14', '14:00:00', '15:00:00', 5, 11),
(3716, '2021-06-14', '11:30:00', '13:30:00', 1, 42),
(3717, '2021-06-14', '17:00:00', '20:30:00', 4, 37),
(3718, '2021-06-14', '17:30:00', '21:00:00', 2, 74),
(3719, '2021-06-14', '15:00:00', '16:00:00', 3, 85),
(3720, '2021-06-15', '12:30:00', '13:00:00', 11, 98),
(3721, '2021-06-15', '11:30:00', '16:00:00', 5, 7),
(3722, '2021-06-15', '14:30:00', '20:30:00', 8, 74),
(3723, '2021-06-15', '21:00:00', '21:30:00', 3, 77),
(3724, '2021-06-16', '18:30:00', '21:00:00', 3, 28),
(3725, '2021-06-16', '09:00:00', '21:00:00', 11, 15),
(3726, '2021-06-18', '19:30:00', '21:00:00', 7, 81),
(3727, '2021-06-18', '12:00:00', '19:30:00', 14, 43),
(3728, '2021-06-18', '09:00:00', '19:30:00', 5, 6),
(3729, '2021-06-19', '20:30:00', '21:00:00', 13, 88),
(3730, '2021-06-19', '10:00:00', '17:30:00', 8, 6),
(3731, '2021-06-20', '19:30:00', '21:00:00', 13, 60),
(3732, '2021-06-20', '18:30:00', '20:30:00', 12, 65),
(3733, '2021-06-21', '15:00:00', '20:00:00', 14, 20),
(3734, '2021-06-21', '09:00:00', '21:00:00', 1, 38),
(3735, '2021-06-22', '12:00:00', '13:00:00', 8, 34),
(3736, '2021-06-25', '20:00:00', '20:30:00', 14, 9),
(3737, '2021-06-27', '19:00:00', '21:00:00', 10, 13),
(3738, '2021-06-27', '16:00:00', '20:30:00', 6, 36),
(3739, '2021-06-28', '19:30:00', '20:00:00', 12, 45),
(3740, '2020-12-31', '10:00:00', '12:00:00', 6, 1),
(3742, '2020-12-26', '20:00:00', '22:00:00', 6, 1);

--
-- Déclencheurs `reserver`
--
DELIMITER $$
CREATE TRIGGER `reserver_AFTER_INSERT` AFTER INSERT ON `reserver` FOR EACH ROW BEGIN
	
END
$$
DELIMITER ;

-- --------------------------------------------------------

--
-- Structure de la table `salle`
--

CREATE TABLE `salle` (
  `id` int(11) NOT NULL,
  `libelle` varchar(255) DEFAULT NULL,
  `nbPlaces` int(11) DEFAULT NULL,
  `statut` int(11) DEFAULT 0
) ENGINE=InnoDB DEFAULT CHARSET=utf8mb4;

--
-- Déchargement des données de la table `salle`
--

INSERT INTO `salle` (`id`, `libelle`, `nbPlaces`, `statut`) VALUES
(1, 'Daum', 15, 0),
(2, 'Corbin', 15, 0),
(3, 'Baccarat', 20, 0),
(4, 'Longwy', 12, 0),
(5, 'Multimédia', 25, 0),
(6, 'Amphithéâtre', 200, 0),
(7, 'Lamour', 30, 0),
(8, 'Grüber', 15, 0),
(9, 'Majorelle', 40, 0),
(10, 'Galerie', 80, 0),
(11, 'Salle informatique', 15, 0),
(12, 'Salle de restauration', 50, 0),
(13, 'Hall d\'accueil', 100, 0),
(14, 'Gallé', 15, 0);

-- --------------------------------------------------------

--
-- Structure de la table `user`
--

CREATE TABLE `user` (
  `id` int(11) NOT NULL,
  `email` varchar(255) NOT NULL,
  `mdp` varchar(255) NOT NULL,
  `nom` varchar(255) NOT NULL,
  `prenom` varchar(255) NOT NULL,
  `ligue_id` int(11) NOT NULL,
  `acces` tinyint(1) NOT NULL
) ENGINE=InnoDB DEFAULT CHARSET=utf8mb4;

--
-- Déchargement des données de la table `user`
--

INSERT INTO `user` (`id`, `email`, `mdp`, `nom`, `prenom`, `ligue_id`, `acces`) VALUES
(1, 'usersio@sio.fr', '0ec960d4105605608894658ed65e81a85a34839e', 'SIO', 'user', 6, 1),
(2, 'l.reault@gmail.com', '0ec960d4105605608894658ed65e81a85a34839e', 'REAULT', 'Lucy', 1, 1);

--
-- Index pour les tables déchargées
--

--
-- Index pour la table `ligue`
--
ALTER TABLE `ligue`
  ADD PRIMARY KEY (`id`);

--
-- Index pour la table `reserver`
--
ALTER TABLE `reserver`
  ADD PRIMARY KEY (`id`),
  ADD KEY `salle_id` (`salle_id`),
  ADD KEY `ligue_id` (`ligue_id`);

--
-- Index pour la table `salle`
--
ALTER TABLE `salle`
  ADD PRIMARY KEY (`id`);

--
-- Index pour la table `user`
--
ALTER TABLE `user`
  ADD PRIMARY KEY (`id`),
  ADD KEY `ligue_id` (`ligue_id`);

--
-- AUTO_INCREMENT pour les tables déchargées
--

--
-- AUTO_INCREMENT pour la table `ligue`
--
ALTER TABLE `ligue`
  MODIFY `id` int(11) NOT NULL AUTO_INCREMENT, AUTO_INCREMENT=101;

--
-- AUTO_INCREMENT pour la table `reserver`
--
ALTER TABLE `reserver`
  MODIFY `id` int(11) NOT NULL AUTO_INCREMENT, AUTO_INCREMENT=3743;

--
-- AUTO_INCREMENT pour la table `salle`
--
ALTER TABLE `salle`
  MODIFY `id` int(11) NOT NULL AUTO_INCREMENT, AUTO_INCREMENT=15;

--
-- AUTO_INCREMENT pour la table `user`
--
ALTER TABLE `user`
  MODIFY `id` int(11) NOT NULL AUTO_INCREMENT, AUTO_INCREMENT=3;

--
-- Contraintes pour les tables déchargées
--

--
-- Contraintes pour la table `reserver`
--
ALTER TABLE `reserver`
  ADD CONSTRAINT `reserver_ibfk_1` FOREIGN KEY (`salle_id`) REFERENCES `salle` (`id`),
  ADD CONSTRAINT `reserver_ibfk_2` FOREIGN KEY (`ligue_id`) REFERENCES `ligue` (`id`);

--
-- Contraintes pour la table `user`
--
ALTER TABLE `user`
  ADD CONSTRAINT `user_ibfk_1` FOREIGN KEY (`ligue_id`) REFERENCES `ligue` (`id`);
COMMIT;

/*!40101 SET CHARACTER_SET_CLIENT=@OLD_CHARACTER_SET_CLIENT */;
/*!40101 SET CHARACTER_SET_RESULTS=@OLD_CHARACTER_SET_RESULTS */;
/*!40101 SET COLLATION_CONNECTION=@OLD_COLLATION_CONNECTION */;
